,Vaccinated_Idxs,Fatality_Rate_Abs,Fatality_Rate_Rel,Age_Gini_Abs,Age_Gini_Rel,Income_Gini_Abs,Income_Gini_Rel,Occupation_Gini_Abs,Occupation_Gini_Rel,Minority_Gini_Abs,Minority_Gini_Rel
0,"[35, 53, 134, 138, 144, 156, 160, 165, 210, 238, 245, 256, 257, 274, 276, 282, 425, 575, 595, 603, 671, 839, 1057, 1059, 1060, 1111, 1232, 1237, 1512, 1519, 1525, 1543, 1562, 1582, 1792, 1800, 2336, 2337, 2362, 2735, 2882, 2930, 2931]",0.000041,-0.016908,0.294176,0.015637,0.254679,-0.044730,0.092352,0.070847,0.197517,-0.025530
1,"[35, 48, 53, 134, 138, 144, 156, 160, 165, 210, 238, 242, 245, 256, 257, 261, 274, 276, 282, 425, 575, 595, 603, 671, 1057, 1059, 1060, 1111, 1231, 1232, 1237, 1512, 1519, 1525, 1543, 1562, 1582, 1792, 1800, 2336, 2337, 2362, 2735, 2882, 2930, 2931]",0.000040,-0.022544,0.295107,0.018851,0.258188,-0.031569,0.104638,0.213303,0.204371,0.008286
2,"[48, 53, 138, 156, 165, 210, 238, 242, 245, 256, 261, 274, 276, 282, 425, 575, 595, 603, 671, 839, 1018, 1057, 1059, 1060, 1111, 1231, 1232, 1237, 1512, 1519, 1525, 1543, 1562, 1792, 1800, 2336, 2337, 2362, 2735, 2882, 2930, 2931]",0.000041,-0.004267,0.307522,0.061714,0.254655,-0.044821,0.092176,0.068805,0.201980,-0.003511
3,"[35, 48, 53, 134, 138, 144, 156, 160, 165, 238, 242, 245, 261, 274, 282, 425, 575, 595, 671, 839, 1018, 1057, 1059, 1060, 1111, 1231, 1232, 1237, 1512, 1519, 1525, 1543, 1562, 1582, 1800, 2336, 2337, 2362, 2735, 2882, 2930, 2931]",0.000041,-0.004509,0.303108,0.046473,0.257526,-0.034052,0.098293,0.139731,0.206713,0.019839
4,"[48, 53, 134, 138, 144, 156, 160, 165, 210, 238, 242, 256, 257, 261, 274, 276, 282, 425, 575, 595, 603, 839, 1018, 1057, 1059, 1060, 1111, 1231, 1232, 1237, 1512, 1519, 1525, 1543, 1562, 1582, 1792, 1800, 2336, 2337, 2362, 2735, 2882, 2930, 2931]",0.000040,-0.024638,0.297718,0.027865,0.252979,-0.051104,0.099568,0.154514,0.210574,0.038887
5,"[46, 52, 141, 145, 147, 166, 170, 191, 193, 200, 205, 207, 212, 214, 235, 247, 255, 266, 272, 273, 275, 285, 574, 577, 593, 641, 643, 648, 674, 676, 1037, 1058, 1078, 1081, 1188, 1228, 1499, 1515, 1518, 1520, 1544, 1553, 1563, 1569, 1570, 1576, 1580, 1684, 1969, 2053, 2065, 2066, 2067, 2213, 2432, 2775, 2790]",0.000039,-0.064412,0.310765,0.072911,0.254092,-0.046931,0.094476,0.095476,0.202097,-0.002935
6,"[42, 46, 52, 145, 159, 170, 173, 193, 198, 205, 214, 235, 248, 252, 260, 266, 270, 273, 275, 285, 301, 577, 580, 593, 632, 637, 643, 648, 670, 674, 676, 1037, 1058, 1078, 1081, 1107, 1188, 1228, 1499, 1500, 1518, 1544, 1553, 1563, 1569, 1570, 1576, 1580, 1684, 1969, 2053, 2066, 2067, 2068, 2257, 2432, 2781, 2790]",0.000040,-0.028261,0.318580,0.099890,0.244527,-0.082809,0.095563,0.108084,0.190258,-0.061340
7,"[37, 46, 52, 141, 145, 147, 159, 166, 170, 173, 191, 192, 198, 200, 207, 212, 214, 248, 266, 270, 272, 275, 285, 574, 577, 579, 593, 632, 637, 641, 643, 648, 670, 674, 1037, 1058, 1078, 1081, 1107, 1228, 1499, 1500, 1515, 1518, 1520, 1544, 1553, 1563, 1570, 1576, 1580, 1969, 2065, 2066, 2068, 2213, 2432, 2775, 2781, 2790]",0.000040,-0.040177,0.303349,0.047307,0.260373,-0.023373,0.108859,0.262252,0.194102,-0.042379
8,"[37, 42, 46, 52, 141, 145, 147, 159, 166, 191, 193, 198, 200, 207, 212, 214, 235, 236, 247, 252, 260, 266, 270, 272, 273, 275, 285, 301, 577, 579, 580, 632, 637, 641, 670, 674, 676, 1037, 1078, 1188, 1228, 1499, 1500, 1515, 1518, 1520, 1544, 1553, 1563, 1570, 1580, 1684, 1969, 2053, 2065, 2066, 2067, 2213, 2257, 2775, 2781, 2790]",0.000039,-0.044686,0.319934,0.104565,0.261970,-0.017381,0.102065,0.183476,0.194681,-0.039521
9,"[37, 42, 141, 147, 170, 173, 191, 192, 193, 198, 205, 207, 212, 214, 235, 236, 247, 248, 252, 255, 260, 266, 270, 272, 275, 285, 574, 577, 579, 580, 593, 637, 641, 643, 648, 674, 676, 1037, 1058, 1081, 1107, 1188, 1228, 1520, 1544, 1553, 1563, 1569, 1570, 1576, 1580, 1684, 2053, 2065, 2066, 2067, 2068, 2213, 2257, 2775, 2781, 2790]",0.000040,-0.037118,0.309597,0.068878,0.255879,-0.040229,0.095055,0.102190,0.186415,-0.080299
10,"[41, 219, 311, 347, 348, 352, 353, 354, 355, 356, 357, 365, 378, 379, 380, 401, 421, 423, 467, 877, 974, 1000, 1010, 1013, 1038, 1040, 1048, 1052, 1120, 1148, 1181, 1623, 1767, 1785, 1793, 1794, 1795, 1857, 1859, 1976, 2252, 2274, 2372, 2737, 2878, 2881, 2889, 2903, 2918, 2939]",0.000039,-0.044928,0.297589,0.027420,0.254773,-0.044377,0.099742,0.156534,0.208007,0.026225
11,"[41, 219, 311, 347, 348, 352, 353, 354, 355, 356, 357, 365, 378, 379, 380, 401, 421, 423, 467, 877, 974, 1000, 1010, 1013, 1038, 1040, 1048, 1052, 1120, 1148, 1181, 1623, 1767, 1785, 1793, 1794, 1795, 1857, 1859, 1976, 2252, 2274, 2372, 2737, 2878, 2881, 2889, 2903, 2918, 2939]",0.000040,-0.018357,0.309231,0.067612,0.261916,-0.017585,0.096891,0.123479,0.210364,0.037854
12,"[41, 219, 311, 347, 348, 352, 353, 354, 355, 356, 357, 365, 378, 379, 380, 401, 421, 423, 467, 877, 974, 1000, 1010, 1013, 1038, 1040, 1048, 1052, 1120, 1148, 1181, 1623, 1767, 1785, 1793, 1794, 1795, 1857, 1859, 1976, 2252, 2274, 2372, 2737, 2878, 2881, 2889, 2903, 2918, 2939]",0.000040,-0.035105,0.296866,0.024923,0.256703,-0.037138,0.096875,0.123290,0.202358,-0.001645
13,"[41, 219, 311, 347, 348, 352, 353, 354, 355, 356, 357, 365, 378, 379, 380, 401, 421, 423, 467, 877, 974, 1000, 1010, 1013, 1038, 1040, 1048, 1052, 1120, 1148, 1181, 1623, 1767, 1785, 1793, 1794, 1795, 1857, 1859, 1976, 2252, 2274, 2372, 2737, 2878, 2881, 2889, 2903, 2918, 2939]",0.000040,-0.038164,0.303852,0.049042,0.260796,-0.021786,0.105587,0.224306,0.207383,0.023147
14,"[41, 219, 311, 347, 348, 352, 353, 354, 355, 356, 357, 365, 378, 379, 380, 401, 421, 423, 467, 877, 974, 1000, 1010, 1013, 1038, 1040, 1048, 1052, 1120, 1148, 1181, 1623, 1767, 1785, 1793, 1794, 1795, 1857, 1859, 1976, 2252, 2274, 2372, 2737, 2878, 2881, 2889, 2903, 2918, 2939]",0.000040,-0.031240,0.298146,0.029343,0.253233,-0.050153,0.101427,0.176068,0.202745,0.000266
15,"[71, 142, 143, 158, 163, 177, 187, 203, 263, 279, 281, 283, 293, 296, 297, 350, 351, 445, 515, 567, 587, 598, 600, 638, 677, 693, 738, 870, 1091, 1102, 1109, 1112, 1229, 1230, 1233, 1238, 1470, 1522, 1552, 1554, 1557, 1561, 1572, 1574, 1577, 1688, 1689, 2720, 2724, 2733, 2736, 2739, 2741, 2788, 2929]",0.000040,-0.024074,0.304656,0.051817,0.247108,-0.073126,0.099241,0.150724,0.206637,0.019468
16,"[71, 142, 143, 158, 163, 187, 203, 263, 279, 281, 283, 293, 297, 350, 351, 445, 515, 522, 567, 587, 600, 638, 677, 693, 738, 870, 1091, 1102, 1105, 1109, 1112, 1229, 1230, 1233, 1238, 1470, 1522, 1554, 1557, 1561, 1572, 1574, 1577, 1688, 1689, 2724, 2733, 2736, 2739, 2741, 2788, 2929]",0.000042,0.006522,0.295684,0.020844,0.264819,-0.006696,0.095784,0.110644,0.204925,0.011020
17,"[71, 142, 177, 187, 203, 263, 279, 281, 283, 293, 296, 350, 351, 445, 515, 522, 567, 587, 598, 600, 638, 677, 693, 738, 870, 1091, 1102, 1105, 1109, 1112, 1229, 1230, 1233, 1238, 1470, 1522, 1552, 1554, 1557, 1561, 1572, 1574, 1577, 1688, 1689, 2409, 2724, 2733, 2736, 2739, 2741, 2788, 2929]",0.000041,-0.006119,0.304834,0.052433,0.261842,-0.017862,0.097168,0.126691,0.212782,0.049782
18,"[71, 142, 143, 158, 163, 177, 187, 203, 263, 279, 281, 283, 293, 296, 297, 350, 351, 445, 515, 522, 567, 587, 598, 600, 638, 677, 738, 870, 1091, 1102, 1105, 1109, 1112, 1229, 1230, 1233, 1238, 1470, 1522, 1552, 1554, 1557, 1561, 1574, 1577, 1688, 2409, 2720, 2724, 2733, 2736, 2739, 2741, 2788, 2929]",0.000041,-0.012077,0.307335,0.061068,0.264455,-0.008059,0.095671,0.109336,0.208935,0.030801
19,"[71, 142, 143, 158, 163, 177, 187, 203, 263, 279, 281, 283, 293, 296, 297, 350, 351, 445, 515, 522, 567, 587, 598, 600, 638, 677, 693, 738, 870, 1091, 1102, 1105, 1109, 1112, 1229, 1230, 1233, 1238, 1470, 1522, 1552, 1554, 1557, 1572, 1574, 1688, 1689, 2733, 2736, 2739, 2741, 2788, 2929]",0.000041,-0.014493,0.294929,0.018237,0.264069,-0.009509,0.095158,0.103385,0.202346,-0.001706
20,"[9, 56, 154, 167, 171, 206, 215, 232, 250, 299, 392, 440, 484, 499, 512, 537, 539, 569, 572, 578, 588, 628, 646, 680, 706, 817, 994, 1066, 1067, 1079, 1086, 1114, 1118, 1172, 1180, 1227, 1239, 1243, 1281, 1455, 1498, 1506, 1523, 1534, 1539, 1598, 1854, 1858, 1923, 1966, 2063, 2254, 2348, 2428, 2472, 2476, 2749, 2777, 2784, 2786, 2791, 2857, 2925, 2934, 2935]",0.000039,-0.049034,0.307546,0.061797,0.262883,-0.013959,0.097643,0.132191,0.196840,-0.028869
21,"[9, 154, 167, 171, 206, 232, 250, 299, 392, 440, 484, 499, 537, 539, 569, 578, 588, 602, 628, 646, 680, 706, 817, 994, 1066, 1067, 1079, 1086, 1093, 1114, 1118, 1172, 1180, 1182, 1227, 1239, 1243, 1281, 1455, 1498, 1506, 1523, 1534, 1598, 1854, 1858, 1923, 1966, 2063, 2254, 2348, 2428, 2472, 2476, 2591, 2734, 2746, 2777, 2784, 2786, 2791, 2857, 2934, 2935, 2942]",0.000038,-0.067069,0.313082,0.080910,0.256462,-0.038042,0.099143,0.149586,0.200362,-0.011495
22,"[154, 167, 171, 215, 232, 250, 299, 392, 440, 484, 499, 512, 537, 539, 569, 572, 588, 602, 646, 706, 817, 994, 1067, 1079, 1086, 1093, 1114, 1118, 1172, 1180, 1182, 1227, 1239, 1243, 1455, 1498, 1506, 1523, 1534, 1539, 1598, 1854, 1858, 1923, 1966, 2063, 2254, 2348, 2428, 2472, 2476, 2591, 2734, 2746, 2749, 2777, 2784, 2791, 2857, 2925, 2934, 2935, 2942]",0.000039,-0.044605,0.307028,0.060008,0.264795,-0.006785,0.114000,0.321859,0.214281,0.057176
23,"[9, 56, 154, 167, 171, 206, 215, 232, 250, 299, 392, 440, 484, 499, 512, 537, 539, 569, 572, 578, 588, 602, 628, 646, 680, 706, 817, 994, 1066, 1067, 1079, 1086, 1093, 1114, 1118, 1172, 1182, 1227, 1243, 1455, 1506, 1523, 1534, 1539, 1598, 1854, 1923, 1966, 2063, 2254, 2348, 2428, 2472, 2476, 2591, 2746, 2749, 2777, 2784, 2786, 2791, 2857, 2925, 2934, 2935, 2942]",0.000039,-0.065137,0.304267,0.050474,0.260437,-0.023133,0.091194,0.057423,0.202395,-0.001462
24,"[9, 154, 167, 171, 206, 215, 250, 299, 392, 440, 484, 499, 512, 537, 539, 569, 572, 578, 588, 602, 646, 680, 706, 817, 994, 1066, 1067, 1086, 1093, 1114, 1118, 1172, 1180, 1182, 1227, 1239, 1243, 1281, 1455, 1498, 1506, 1523, 1539, 1598, 1854, 1858, 1923, 2063, 2254, 2348, 2428, 2472, 2476, 2591, 2734, 2746, 2749, 2777, 2784, 2786, 2857, 2925, 2934, 2935, 2942]",0.000039,-0.043720,0.306412,0.057880,0.266068,-0.002013,0.100115,0.160857,0.214323,0.057387
25,"[16, 21, 22, 24, 55, 68, 70, 73, 76, 124, 139, 178, 185, 196, 202, 204, 237, 244, 433, 519, 527, 541, 546, 568, 675, 678, 681, 705, 878, 949, 963, 1098, 1133, 1200, 1204, 1235, 1242, 1529, 1583, 1628, 1643, 1691, 1847, 1855, 1980, 2095, 2141, 2271, 2276, 2378, 2412, 2414, 2469, 2470, 2473, 2515, 2527, 2593, 2723, 2748, 2750, 2774, 2778]",0.000040,-0.041787,0.304862,0.052529,0.264331,-0.008525,0.089890,0.042294,0.217456,0.072842
26,"[16, 21, 22, 24, 55, 70, 73, 76, 124, 139, 178, 185, 196, 204, 237, 244, 364, 433, 519, 527, 541, 546, 568, 675, 678, 681, 705, 707, 878, 949, 963, 1098, 1133, 1200, 1204, 1235, 1242, 1529, 1583, 1628, 1643, 1691, 1847, 1855, 1980, 2095, 2141, 2271, 2276, 2378, 2412, 2414, 2469, 2470, 2473, 2515, 2527, 2593, 2723, 2748, 2750, 2774, 2778]",0.000041,-0.014976,0.297581,0.027392,0.267585,0.003677,0.092764,0.075629,0.215326,0.062336
27,"[16, 21, 22, 24, 55, 68, 70, 73, 76, 124, 139, 178, 185, 196, 202, 204, 237, 244, 364, 433, 519, 527, 541, 546, 568, 675, 678, 681, 705, 707, 878, 949, 963, 1098, 1133, 1200, 1204, 1235, 1242, 1529, 1583, 1628, 1643, 1691, 1847, 1855, 1980, 2095, 2141, 2271, 2276, 2378, 2412, 2414, 2469, 2470, 2473, 2515, 2527, 2593, 2723, 2750, 2774, 2778]",0.000040,-0.028341,0.307107,0.060281,0.265876,-0.002730,0.095754,0.110296,0.214584,0.058672
28,"[16, 21, 22, 24, 55, 68, 70, 73, 76, 124, 139, 178, 185, 196, 202, 204, 237, 244, 364, 433, 519, 527, 541, 546, 568, 675, 678, 681, 705, 707, 878, 949, 963, 1133, 1200, 1204, 1235, 1529, 1583, 1628, 1643, 1847, 1855, 1980, 2095, 2141, 2276, 2378, 2412, 2414, 2469, 2470, 2473, 2515, 2527, 2593, 2723, 2748, 2750, 2774, 2778]",0.000041,-0.009179,0.295969,0.021827,0.266897,0.001097,0.104235,0.208627,0.200449,-0.011063
29,"[16, 21, 22, 24, 55, 68, 70, 73, 76, 124, 139, 178, 185, 196, 202, 204, 237, 364, 433, 519, 527, 541, 546, 568, 675, 678, 681, 705, 707, 878, 949, 963, 1098, 1200, 1204, 1235, 1242, 1529, 1583, 1628, 1643, 1691, 1847, 1855, 2095, 2141, 2271, 2276, 2378, 2412, 2414, 2469, 2470, 2473, 2515, 2527, 2593, 2723, 2748, 2750, 2774, 2778]",0.000041,-0.014090,0.308482,0.065029,0.255191,-0.042810,0.102946,0.193686,0.206036,0.016503
30,"[13, 25, 27, 28, 40, 72, 74, 78, 81, 84, 119, 137, 391, 416, 459, 592, 712, 742, 767, 792, 814, 954, 999, 1015, 1119, 1125, 1127, 1149, 1186, 1280, 1408, 1535, 1612, 1848, 1909, 1975, 2309, 2356, 2370, 2371, 2382, 2384, 2498, 2743, 2785, 2908, 2932]",0.000040,-0.025604,0.298597,0.030899,0.265129,-0.005533,0.101755,0.179880,0.215883,0.065082
31,"[13, 17, 25, 27, 40, 72, 74, 78, 81, 119, 391, 416, 459, 592, 712, 742, 767, 792, 814, 954, 999, 1015, 1115, 1119, 1125, 1127, 1149, 1186, 1198, 1274, 1280, 1408, 1535, 1612, 1848, 1909, 2309, 2356, 2370, 2371, 2384, 2498, 2743, 2785, 2908, 2924, 2932, 2936]",0.000040,-0.037923,0.305148,0.053516,0.243018,-0.088467,0.099558,0.154397,0.210310,0.037585
32,"[17, 25, 27, 28, 40, 72, 78, 81, 84, 119, 137, 391, 416, 459, 712, 742, 767, 792, 814, 954, 999, 1015, 1115, 1119, 1125, 1127, 1149, 1186, 1198, 1274, 1280, 1535, 1612, 1848, 1909, 1975, 2309, 2356, 2370, 2371, 2382, 2384, 2743, 2785, 2908, 2924, 2932, 2936]",0.000040,-0.025604,0.306515,0.058236,0.258037,-0.032135,0.108675,0.260113,0.234200,0.155452
33,"[17, 25, 28, 72, 74, 78, 81, 84, 119, 137, 391, 416, 459, 592, 712, 742, 767, 792, 814, 954, 999, 1015, 1115, 1119, 1127, 1149, 1186, 1198, 1274, 1280, 1408, 1535, 1612, 1848, 1909, 1975, 2309, 2356, 2370, 2371, 2382, 2384, 2743, 2785, 2908, 2924, 2932, 2936]",0.000040,-0.037520,0.307324,0.061031,0.246618,-0.074966,0.105016,0.217683,0.215311,0.062262
34,"[13, 17, 25, 27, 28, 40, 72, 74, 78, 81, 84, 119, 137, 391, 416, 459, 592, 712, 742, 767, 792, 814, 954, 999, 1015, 1115, 1119, 1125, 1127, 1149, 1186, 1198, 1274, 1280, 1408, 1535, 1612, 1909, 1975, 2309, 2356, 2370, 2371, 2382, 2384, 2498, 2743, 2785, 2908, 2924, 2932, 2936]",0.000039,-0.048551,0.306109,0.056836,0.241165,-0.095420,0.097390,0.129262,0.213644,0.054034
35,"[49, 136, 333, 334, 358, 370, 383, 432, 434, 802, 858, 943, 978, 995, 1001, 1002, 1004, 1014, 1025, 1106, 1254, 1384, 1402, 1420, 1426, 1496, 1626, 1777, 2258, 2281, 2376, 2380, 2533, 2633, 2792, 2915, 2923]",0.000040,-0.021981,0.304495,0.051264,0.256853,-0.036575,0.101525,0.177214,0.208450,0.028409
36,"[136, 333, 334, 358, 370, 383, 432, 434, 802, 858, 943, 978, 995, 1001, 1002, 1004, 1014, 1025, 1106, 1208, 1254, 1384, 1402, 1420, 1426, 1496, 1777, 2258, 2281, 2376, 2380, 2533, 2633, 2679, 2792, 2915, 2923]",0.000040,-0.023913,0.298881,0.031880,0.265521,-0.004062,0.091562,0.061684,0.209822,0.035177
37,"[49, 136, 333, 334, 358, 370, 383, 432, 434, 802, 858, 943, 978, 995, 1001, 1002, 1004, 1014, 1025, 1106, 1208, 1254, 1384, 1402, 1420, 1426, 1496, 1777, 2258, 2281, 2376, 2380, 2533, 2633, 2792, 2915, 2923]",0.000040,-0.030354,0.310362,0.071518,0.261547,-0.018968,0.096536,0.119365,0.208299,0.027664
38,"[49, 136, 333, 334, 358, 370, 383, 432, 802, 858, 943, 978, 995, 1001, 1002, 1004, 1014, 1025, 1106, 1208, 1254, 1384, 1402, 1420, 1426, 1496, 1626, 1777, 2258, 2281, 2376, 2380, 2533, 2633, 2679, 2792, 2915, 2923]",0.000040,-0.028100,0.306505,0.058201,0.254232,-0.046408,0.096685,0.121086,0.208078,0.026573
39,"[49, 136, 333, 358, 370, 383, 432, 434, 802, 858, 943, 978, 995, 1001, 1002, 1004, 1014, 1025, 1106, 1208, 1254, 1384, 1402, 1420, 1426, 1496, 1626, 1777, 2258, 2281, 2376, 2380, 2533, 2633, 2679, 2792, 2915, 2923]",0.000041,-0.008696,0.294887,0.018090,0.244872,-0.081514,0.095597,0.108475,0.195105,-0.037429
40,"[43, 184, 307, 308, 363, 387, 514, 557, 668, 689, 719, 785, 800, 825, 828, 836, 866, 893, 931, 997, 998, 1072, 1089, 1116, 1130, 1407, 1409, 1410, 2056, 2086, 2122, 2217, 2324, 2368, 2369, 2373, 2377, 2386, 2387, 2494, 2635, 2779, 2906]",0.000041,-0.015459,0.302492,0.044347,0.252810,-0.051741,0.098968,0.147565,0.209882,0.035474
41,"[43, 184, 307, 308, 363, 387, 514, 557, 668, 689, 719, 785, 800, 825, 828, 836, 866, 893, 931, 997, 998, 1072, 1089, 1116, 1130, 1407, 1409, 1410, 2056, 2086, 2122, 2217, 2324, 2368, 2369, 2373, 2377, 2386, 2387, 2494, 2635, 2779, 2906]",0.000040,-0.023269,0.298591,0.030880,0.249039,-0.065886,0.090944,0.054523,0.195113,-0.037389
42,"[43, 184, 307, 308, 363, 387, 514, 557, 668, 689, 719, 785, 800, 825, 828, 836, 866, 893, 931, 997, 998, 1072, 1089, 1116, 1130, 1407, 1409, 1410, 2056, 2086, 2122, 2217, 2324, 2368, 2369, 2373, 2377, 2386, 2387, 2494, 2635, 2779, 2906]",0.000041,0.000483,0.301986,0.042601,0.255496,-0.041665,0.091292,0.058554,0.205408,0.013403
43,"[43, 184, 307, 308, 363, 387, 514, 557, 668, 719, 785, 800, 825, 828, 836, 866, 893, 931, 997, 998, 1072, 1089, 1116, 1130, 1407, 1409, 1410, 2056, 2086, 2122, 2217, 2324, 2368, 2369, 2373, 2377, 2386, 2387, 2494, 2635, 2779, 2906]",0.000039,-0.042351,0.298978,0.032214,0.247719,-0.070835,0.088256,0.023353,0.210326,0.037663
44,"[43, 184, 307, 308, 363, 387, 514, 557, 668, 689, 719, 785, 800, 825, 828, 836, 866, 893, 931, 997, 998, 1072, 1089, 1116, 1130, 1407, 1409, 1410, 2056, 2086, 2122, 2217, 2324, 2368, 2369, 2373, 2377, 2386, 2387, 2494, 2635, 2779, 2906]",0.000041,-0.004026,0.306803,0.059231,0.251208,-0.057749,0.091519,0.061188,0.207964,0.026012
45,"[369, 429, 491, 513, 613, 634, 640, 644, 664, 696, 725, 737, 801, 838, 873, 881, 947, 948, 1035, 1094, 1124, 1150, 1154, 1158, 1211, 1306, 1319, 1365, 1423, 1427, 1503, 1593, 1603, 1668, 1911, 2060, 2096, 2200, 2462, 2495, 2497, 2504, 2534, 2544, 2587, 2670, 2671, 2747, 2824, 2865, 2868]",0.000039,-0.065378,0.317954,0.097729,0.249758,-0.063188,0.078073,-0.094717,0.201663,-0.005072
46,"[369, 429, 491, 513, 613, 634, 640, 644, 664, 667, 696, 725, 737, 801, 838, 873, 881, 947, 948, 1019, 1035, 1094, 1124, 1150, 1154, 1158, 1211, 1306, 1319, 1365, 1423, 1503, 1593, 1603, 1668, 1911, 2060, 2096, 2200, 2462, 2495, 2497, 2534, 2535, 2544, 2587, 2670, 2671, 2747, 2824, 2865, 2868]",0.000039,-0.057810,0.329176,0.136472,0.247929,-0.070048,0.064523,-0.251840,0.196641,-0.029851
47,"[306, 369, 429, 491, 513, 613, 634, 640, 644, 664, 667, 696, 725, 737, 801, 838, 873, 881, 948, 1019, 1035, 1094, 1124, 1150, 1154, 1158, 1211, 1319, 1365, 1423, 1427, 1503, 1593, 1603, 1668, 1911, 2060, 2096, 2200, 2462, 2495, 2497, 2504, 2534, 2535, 2544, 2587, 2670, 2671, 2747, 2865, 2868]",0.000039,-0.054106,0.329930,0.139077,0.248145,-0.069236,0.075427,-0.125407,0.196483,-0.030630
48,"[306, 369, 429, 491, 513, 613, 634, 640, 644, 664, 696, 725, 801, 838, 873, 881, 947, 948, 1019, 1035, 1094, 1124, 1150, 1154, 1158, 1211, 1306, 1319, 1365, 1423, 1427, 1503, 1593, 1603, 1668, 1911, 2060, 2096, 2200, 2462, 2495, 2497, 2504, 2534, 2535, 2544, 2587, 2670, 2671, 2747, 2824, 2865, 2868]",0.000039,-0.057890,0.311131,0.074173,0.256090,-0.039436,0.082236,-0.046453,0.197885,-0.023713
49,"[306, 369, 429, 491, 513, 613, 634, 640, 644, 664, 667, 696, 725, 737, 838, 873, 881, 947, 948, 1019, 1035, 1094, 1124, 1150, 1158, 1211, 1306, 1319, 1365, 1423, 1427, 1503, 1593, 1603, 1668, 2060, 2096, 2200, 2462, 2495, 2497, 2504, 2534, 2535, 2544, 2587, 2670, 2671, 2747, 2824, 2865, 2868]",0.000040,-0.024396,0.317321,0.095545,0.249852,-0.062834,0.084406,-0.021291,0.200207,-0.012256
50,"[19, 63, 87, 155, 340, 390, 396, 398, 438, 500, 786, 818, 875, 919, 938, 961, 962, 1160, 1174, 1179, 1262, 1303, 1334, 1405, 1481, 1652, 1695, 1830, 1831, 1914, 1952, 1954, 1967, 1971, 2004, 2011, 2014, 2045, 2048, 2050, 2051, 2082, 2100, 2157, 2216, 2288, 2361, 2381, 2490, 2499, 2528, 2568, 2594, 2620, 2625, 2644, 2648, 2662, 2688, 2847, 2894, 2910]",0.000039,-0.060709,0.305054,0.053193,0.253870,-0.047763,0.099308,0.151505,0.212204,0.046929
51,"[19, 63, 87, 155, 340, 390, 396, 398, 438, 500, 786, 818, 875, 919, 938, 961, 962, 1160, 1173, 1174, 1179, 1262, 1303, 1334, 1405, 1481, 1652, 1695, 1830, 1831, 1914, 1952, 1954, 1967, 1971, 2004, 2011, 2014, 2045, 2048, 2050, 2051, 2082, 2100, 2157, 2216, 2288, 2361, 2381, 2499, 2528, 2568, 2594, 2620, 2625, 2644, 2648, 2662, 2688, 2847, 2894, 2910]",0.000040,-0.040338,0.304038,0.049684,0.257940,-0.032498,0.096240,0.115924,0.207175,0.022122
52,"[19, 63, 87, 155, 340, 390, 396, 398, 438, 500, 786, 818, 875, 919, 938, 961, 962, 1160, 1173, 1174, 1179, 1262, 1303, 1334, 1405, 1481, 1652, 1695, 1830, 1831, 1914, 1952, 1954, 1967, 1971, 2004, 2011, 2045, 2048, 2050, 2051, 2082, 2100, 2157, 2216, 2288, 2361, 2381, 2490, 2499, 2528, 2568, 2594, 2620, 2625, 2644, 2648, 2662, 2688, 2847, 2894, 2910]",0.000039,-0.050322,0.300212,0.036477,0.252513,-0.052855,0.091202,0.057512,0.216044,0.065874
53,"[19, 63, 87, 155, 340, 390, 396, 398, 438, 500, 786, 818, 875, 919, 938, 961, 962, 1160, 1173, 1174, 1179, 1262, 1303, 1334, 1405, 1481, 1652, 1695, 1830, 1831, 1914, 1952, 1954, 1967, 1971, 2004, 2011, 2014, 2045, 2048, 2050, 2051, 2082, 2100, 2157, 2216, 2288, 2361, 2381, 2490, 2499, 2528, 2594, 2620, 2625, 2644, 2648, 2662, 2688, 2847, 2894, 2910]",0.000039,-0.048068,0.307196,0.060588,0.259379,-0.027100,0.101875,0.181265,0.205013,0.011455
54,"[19, 63, 87, 155, 340, 390, 396, 398, 438, 500, 786, 875, 919, 938, 961, 962, 1160, 1173, 1174, 1179, 1262, 1303, 1334, 1405, 1481, 1652, 1695, 1830, 1831, 1914, 1952, 1954, 1967, 1971, 2004, 2011, 2014, 2045, 2048, 2050, 2051, 2100, 2157, 2216, 2288, 2361, 2381, 2490, 2499, 2528, 2568, 2594, 2620, 2625, 2644, 2648, 2662, 2688, 2847, 2894, 2910]",0.000040,-0.035105,0.300397,0.037116,0.256640,-0.037372,0.105398,0.222118,0.210741,0.039711
55,"[2, 8, 30, 85, 103, 349, 404, 453, 460, 470, 585, 756, 769, 782, 794, 805, 843, 845, 859, 884, 903, 922, 923, 1021, 1036, 1126, 1128, 1247, 1265, 1285, 1354, 1379, 1415, 1421, 1424, 1573, 1683, 1783, 1873, 1951, 1983, 2025, 2147, 2287, 2388, 2505, 2576, 2758, 2804, 2916]",0.000040,-0.027053,0.309772,0.069481,0.259079,-0.028225,0.100344,0.163513,0.213039,0.051050
56,"[2, 8, 30, 85, 103, 349, 359, 453, 470, 585, 756, 760, 769, 794, 805, 843, 845, 859, 884, 903, 1021, 1126, 1128, 1247, 1265, 1285, 1302, 1354, 1415, 1421, 1422, 1424, 1447, 1573, 1629, 1683, 1749, 1873, 1916, 1951, 1983, 2025, 2147, 2287, 2388, 2505, 2564, 2576, 2758, 2840, 2916]",0.000041,-0.009984,0.302259,0.043544,0.261573,-0.018870,0.102644,0.190189,0.220996,0.090306
57,"[8, 30, 85, 103, 349, 359, 404, 453, 460, 470, 585, 760, 782, 805, 845, 884, 903, 922, 923, 1021, 1126, 1128, 1247, 1265, 1285, 1302, 1354, 1379, 1415, 1421, 1422, 1424, 1573, 1629, 1683, 1749, 1783, 1873, 1951, 1983, 2147, 2287, 2388, 2505, 2564, 2576, 2804, 2840, 2916]",0.000040,-0.027134,0.300525,0.037556,0.265831,-0.002901,0.091140,0.056788,0.203380,0.003397
58,"[2, 30, 85, 103, 349, 359, 404, 453, 460, 470, 585, 756, 760, 769, 782, 794, 805, 843, 845, 884, 903, 922, 923, 1036, 1126, 1128, 1247, 1285, 1354, 1379, 1421, 1424, 1447, 1573, 1629, 1749, 1783, 1873, 1916, 1951, 1983, 2025, 2388, 2564, 2758, 2804, 2840, 2916]",0.000041,-0.010386,0.294809,0.017821,0.260373,-0.023371,0.099317,0.151612,0.220228,0.086517
59,"[2, 8, 30, 349, 359, 404, 453, 460, 470, 585, 756, 769, 794, 859, 884, 903, 922, 923, 1021, 1036, 1126, 1128, 1247, 1285, 1302, 1354, 1379, 1415, 1421, 1422, 1424, 1447, 1573, 1629, 1683, 1783, 1873, 1951, 1983, 2025, 2147, 2388, 2576, 2758, 2804, 2840]",0.000041,-0.013849,0.305711,0.055459,0.264190,-0.009055,0.091381,0.059588,0.203935,0.006135
60,"[26, 113, 181, 303, 310, 408, 766, 770, 771, 797, 798, 837, 856, 885, 897, 907, 942, 951, 952, 1007, 1008, 1017, 1155, 1317, 1321, 1322, 1324, 1331, 1353, 1383, 1418, 1419, 1445, 1944, 1978, 2035, 2074, 2077, 2383, 2400, 2482, 2608, 2647, 2650, 2666, 2672, 2729, 2753, 2822, 2866, 2867]",0.000041,-0.005636,0.292700,0.010540,0.267667,0.003987,0.089236,0.034713,0.212691,0.049332
61,"[26, 113, 181, 303, 310, 408, 766, 770, 771, 797, 798, 837, 856, 885, 897, 907, 942, 951, 952, 1007, 1008, 1017, 1155, 1317, 1321, 1322, 1324, 1331, 1353, 1383, 1418, 1419, 1445, 1944, 1978, 2035, 2074, 2077, 2383, 2400, 2482, 2650, 2666, 2672, 2729, 2753, 2798, 2822, 2866, 2867]",0.000041,-0.009903,0.300893,0.038828,0.263693,-0.010921,0.087715,0.017082,0.212381,0.047802
62,"[26, 113, 181, 303, 310, 408, 766, 770, 771, 797, 798, 837, 856, 885, 897, 907, 942, 951, 952, 1007, 1008, 1017, 1155, 1317, 1321, 1322, 1324, 1331, 1353, 1383, 1418, 1419, 1445, 1944, 1978, 2035, 2074, 2077, 2383, 2400, 2482, 2608, 2647, 2650, 2666, 2672, 2729, 2753, 2798, 2822, 2866, 2867]",0.000041,-0.005233,0.299065,0.032517,0.259159,-0.027924,0.091073,0.056010,0.210025,0.036180
63,"[26, 113, 181, 303, 310, 408, 766, 770, 771, 797, 798, 837, 856, 885, 897, 907, 942, 951, 952, 1007, 1008, 1017, 1155, 1317, 1321, 1322, 1324, 1331, 1353, 1383, 1418, 1419, 1445, 1944, 1978, 2035, 2074, 2077, 2383, 2400, 2482, 2608, 2647, 2650, 2666, 2672, 2729, 2753, 2822, 2866, 2867]",0.000040,-0.021739,0.295820,0.021313,0.255641,-0.041121,0.091164,0.057069,0.202423,-0.001326
64,"[26, 113, 181, 303, 310, 766, 770, 771, 797, 798, 837, 856, 885, 897, 907, 942, 951, 952, 1007, 1008, 1017, 1155, 1317, 1321, 1322, 1324, 1331, 1353, 1383, 1418, 1419, 1445, 1944, 1978, 2035, 2074, 2077, 2383, 2400, 2482, 2608, 2647, 2650, 2666, 2672, 2729, 2753, 2798, 2822, 2866, 2867]",0.000041,-0.004509,0.296467,0.023547,0.267905,0.004879,0.088440,0.025484,0.211277,0.042356
65,"[400, 454, 629, 736, 746, 761, 762, 772, 789, 819, 840, 849, 852, 887, 915, 939, 1400, 1778, 1812, 1977, 2010, 2057, 2340, 2355, 2385, 2402, 2519, 2653, 2660, 2726, 2760, 2843, 2852, 2854, 2860, 2869, 2870, 2872, 2900]",0.000040,-0.028905,0.296701,0.024354,0.253829,-0.047919,0.100679,0.167405,0.210180,0.036945
66,"[399, 454, 629, 711, 736, 746, 754, 762, 772, 789, 819, 840, 849, 852, 887, 899, 915, 939, 1005, 1400, 1778, 1812, 1933, 2010, 2057, 2340, 2354, 2355, 2385, 2402, 2519, 2653, 2660, 2726, 2760, 2852, 2854, 2860, 2869, 2870, 2872, 2900]",0.000041,-0.017794,0.298130,0.029286,0.258507,-0.030372,0.101689,0.179108,0.207238,0.022431
67,"[454, 711, 736, 746, 754, 761, 762, 772, 789, 819, 840, 849, 852, 899, 915, 939, 1400, 1778, 1812, 2010, 2057, 2340, 2354, 2355, 2385, 2402, 2519, 2653, 2660, 2726, 2760, 2843, 2852, 2854, 2860, 2869, 2870, 2872, 2900]",0.000041,-0.009903,0.303751,0.048693,0.265534,-0.004014,0.099032,0.148305,0.196009,-0.032967
68,"[399, 400, 454, 629, 711, 746, 754, 761, 762, 772, 789, 819, 849, 852, 887, 915, 939, 1005, 1400, 1778, 1812, 1933, 1977, 2010, 2057, 2340, 2354, 2355, 2385, 2653, 2726, 2760, 2843, 2852, 2854, 2860, 2869, 2870, 2872, 2900]",0.000039,-0.046860,0.296880,0.024971,0.259403,-0.027011,0.087932,0.019596,0.210282,0.037446
69,"[399, 400, 629, 711, 736, 746, 754, 761, 762, 772, 789, 819, 840, 849, 852, 887, 899, 915, 939, 1005, 1400, 1778, 1812, 1933, 1977, 2010, 2057, 2340, 2354, 2355, 2385, 2402, 2519, 2653, 2660, 2726, 2760, 2843, 2854, 2860, 2869, 2870, 2872, 2900]",0.000040,-0.026006,0.292893,0.011206,0.248322,-0.068574,0.089618,0.039144,0.199098,-0.017731
70,"[1, 96, 118, 225, 883, 886, 908, 924, 934, 955, 989, 1020, 1163, 1287, 1412, 1425, 1703, 1750, 1866, 1867, 1870, 1883, 1884, 1920, 1935, 1940, 1941, 1943, 1945, 1948, 1960, 1970, 1990, 1991, 1996, 2000, 2001, 2002, 2003, 2020, 2023, 2038, 2039, 2044, 2049, 2149, 2196, 2334, 2339, 2350, 2353, 2358, 2500, 2654, 2796, 2823, 2835, 2838]",0.000039,-0.051288,0.306817,0.059279,0.253395,-0.049545,0.097113,0.126052,0.205171,0.012232
71,"[1, 96, 118, 225, 450, 883, 908, 924, 934, 941, 950, 989, 1020, 1163, 1287, 1412, 1425, 1432, 1703, 1750, 1866, 1870, 1884, 1920, 1935, 1940, 1941, 1943, 1945, 1948, 1956, 1960, 1963, 1970, 1990, 1991, 1996, 2000, 2002, 2003, 2020, 2023, 2038, 2039, 2044, 2049, 2149, 2196, 2334, 2339, 2350, 2351, 2358, 2500, 2654, 2796, 2823, 2835, 2838]",0.000042,0.007085,0.302667,0.044952,0.264444,-0.008103,0.101030,0.171467,0.209680,0.034477
72,"[96, 118, 225, 450, 883, 886, 924, 934, 941, 950, 955, 989, 1020, 1163, 1287, 1412, 1432, 1703, 1750, 1866, 1867, 1883, 1884, 1920, 1935, 1940, 1941, 1943, 1945, 1948, 1956, 1960, 1963, 1970, 1990, 1991, 1996, 2001, 2003, 2020, 2023, 2038, 2039, 2044, 2049, 2149, 2196, 2334, 2339, 2350, 2351, 2353, 2358, 2500, 2654, 2796, 2823, 2835, 2838]",0.000041,-0.007488,0.299293,0.033303,0.259675,-0.025990,0.098165,0.138251,0.208998,0.031112
73,"[1, 96, 118, 225, 450, 883, 886, 908, 924, 941, 950, 955, 989, 1163, 1287, 1412, 1425, 1432, 1703, 1750, 1866, 1867, 1870, 1883, 1884, 1920, 1935, 1940, 1941, 1943, 1945, 1948, 1956, 1960, 1970, 1990, 1991, 1996, 2000, 2001, 2003, 2020, 2023, 2038, 2039, 2044, 2049, 2149, 2196, 2334, 2339, 2350, 2353, 2358, 2500, 2654, 2823, 2835, 2838]",0.000040,-0.020129,0.303001,0.046106,0.252632,-0.052406,0.088616,0.027524,0.206513,0.018853
74,"[1, 96, 118, 225, 883, 886, 908, 924, 934, 941, 950, 955, 989, 1020, 1163, 1287, 1425, 1432, 1703, 1866, 1867, 1883, 1884, 1920, 1935, 1940, 1941, 1943, 1945, 1948, 1956, 1960, 1963, 1990, 1991, 1996, 2000, 2001, 2002, 2003, 2020, 2023, 2038, 2039, 2044, 2149, 2196, 2334, 2339, 2350, 2351, 2353, 2358, 2500, 2654, 2823, 2835, 2838]",0.000041,-0.004428,0.298148,0.029348,0.271688,0.019068,0.102114,0.184036,0.213854,0.055072
75,"[148, 149, 199, 209, 233, 241, 254, 264, 268, 302, 424, 521, 544, 564, 576, 624, 691, 816, 1053, 1065, 1095, 1110, 1113, 1134, 1507, 1514, 1517, 1548, 1551, 1556, 1558, 1564, 1575, 1594, 1721, 1766, 1781, 1869, 1900, 1917, 1931, 1942, 1947, 1949, 1965, 1998, 2026, 2037, 2080, 2081, 2145, 2148, 2352, 2363, 2560, 2713, 2718, 2890, 2899, 2928]",0.000040,-0.028341,0.294844,0.017943,0.259456,-0.026813,0.097467,0.130159,0.205459,0.013655
76,"[148, 149, 199, 233, 241, 246, 254, 264, 267, 295, 424, 521, 544, 564, 576, 601, 624, 691, 708, 816, 889, 1053, 1065, 1095, 1110, 1113, 1505, 1548, 1551, 1556, 1558, 1564, 1567, 1575, 1594, 1766, 1781, 1869, 1900, 1917, 1931, 1942, 1947, 1949, 1965, 2026, 2078, 2080, 2081, 2145, 2352, 2363, 2560, 2713, 2718, 2789, 2890, 2899, 2928]",0.000041,-0.000483,0.299001,0.032295,0.261658,-0.018552,0.101753,0.179848,0.206488,0.018728
77,"[148, 149, 199, 209, 241, 246, 254, 264, 268, 302, 521, 544, 564, 601, 624, 691, 708, 889, 1053, 1065, 1095, 1100, 1110, 1113, 1134, 1505, 1507, 1514, 1517, 1521, 1548, 1551, 1556, 1558, 1564, 1567, 1575, 1594, 1721, 1766, 1781, 1869, 1900, 1917, 1931, 1942, 1947, 1949, 1965, 1998, 2026, 2037, 2078, 2145, 2148, 2352, 2363, 2560, 2713, 2789, 2890, 2899]",0.000040,-0.035346,0.302738,0.045196,0.265831,-0.002901,0.083496,-0.031842,0.212173,0.046778
78,"[148, 149, 199, 209, 233, 241, 246, 254, 267, 268, 424, 521, 544, 564, 576, 601, 624, 691, 816, 889, 1095, 1100, 1110, 1113, 1134, 1505, 1507, 1517, 1521, 1548, 1551, 1556, 1558, 1564, 1575, 1594, 1721, 1766, 1781, 1869, 1900, 1917, 1942, 1947, 1998, 2037, 2078, 2081, 2145, 2148, 2352, 2363, 2560, 2713, 2718, 2789, 2890, 2899, 2928]",0.000041,-0.008696,0.297491,0.027080,0.258612,-0.029977,0.102465,0.188109,0.209428,0.033233
79,"[148, 199, 233, 241, 246, 254, 264, 268, 295, 302, 424, 521, 544, 576, 624, 691, 708, 816, 889, 1053, 1065, 1095, 1100, 1113, 1134, 1507, 1514, 1521, 1548, 1556, 1564, 1567, 1575, 1594, 1766, 1781, 1869, 1900, 1931, 1942, 1947, 1949, 1965, 1998, 2026, 2037, 2081, 2145, 2148, 2352, 2363, 2560, 2713, 2718, 2789, 2890, 2899, 2928]",0.000040,-0.027939,0.295286,0.019470,0.257572,-0.033879,0.089862,0.041969,0.203822,0.005577
80,"[11, 36, 45, 146, 208, 240, 243, 253, 262, 265, 271, 287, 292, 294, 300, 343, 374, 394, 464, 503, 516, 542, 550, 571, 606, 616, 625, 669, 1024, 1039, 1046, 1055, 1063, 1069, 1076, 1080, 1108, 1185, 1236, 1256, 1454, 1483, 1504, 1536, 1547, 1555, 1560, 1578, 1581, 1604, 1786, 1789, 2073, 2112, 2211, 2214, 2215, 2253, 2338, 2347, 2349, 2631, 2722, 2933]",0.000038,-0.087037,0.303458,0.047681,0.243212,-0.087742,0.112553,0.305080,0.175498,-0.134163
81,"[11, 36, 45, 146, 208, 240, 243, 253, 262, 265, 271, 287, 292, 294, 300, 343, 374, 394, 464, 503, 516, 542, 550, 571, 606, 616, 625, 669, 1024, 1039, 1046, 1055, 1063, 1069, 1076, 1080, 1108, 1185, 1236, 1256, 1454, 1483, 1504, 1536, 1547, 1555, 1560, 1578, 1581, 1604, 1786, 1789, 2073, 2112, 2211, 2214, 2215, 2253, 2338, 2347, 2349, 2631, 2722, 2933]",0.000038,-0.087681,0.313734,0.083161,0.261999,-0.017273,0.119906,0.390338,0.171323,-0.154758
82,"[11, 36, 45, 146, 208, 240, 243, 253, 262, 265, 271, 287, 292, 294, 300, 343, 374, 394, 464, 503, 516, 542, 550, 571, 606, 616, 625, 669, 1024, 1039, 1046, 1055, 1063, 1069, 1076, 1080, 1108, 1185, 1236, 1256, 1454, 1483, 1504, 1536, 1547, 1555, 1560, 1578, 1581, 1604, 1786, 1789, 2073, 2112, 2211, 2214, 2215, 2253, 2338, 2347, 2349, 2631, 2722, 2933]",0.000038,-0.068196,0.308993,0.066792,0.239304,-0.102399,0.106050,0.229674,0.180399,-0.109980
83,"[11, 36, 45, 146, 208, 240, 243, 253, 262, 265, 271, 287, 292, 294, 300, 343, 374, 394, 464, 503, 516, 542, 550, 571, 606, 616, 625, 669, 1024, 1039, 1046, 1055, 1063, 1069, 1076, 1080, 1108, 1185, 1236, 1256, 1454, 1483, 1504, 1536, 1547, 1555, 1560, 1578, 1581, 1604, 1786, 1789, 2073, 2112, 2211, 2214, 2215, 2253, 2338, 2347, 2349, 2631, 2722, 2933]",0.000038,-0.090580,0.317204,0.095139,0.243947,-0.084984,0.104389,0.210415,0.169473,-0.163889
84,"[11, 36, 45, 146, 208, 240, 243, 253, 262, 265, 271, 287, 292, 294, 300, 343, 374, 394, 464, 503, 516, 542, 550, 571, 606, 616, 625, 669, 1024, 1039, 1046, 1055, 1063, 1069, 1076, 1080, 1108, 1185, 1236, 1256, 1454, 1483, 1504, 1536, 1547, 1555, 1560, 1578, 1581, 1604, 1786, 1789, 2073, 2112, 2211, 2214, 2215, 2253, 2338, 2347, 2349, 2631, 2722, 2933]",0.000039,-0.063446,0.316733,0.093514,0.238616,-0.104980,0.105658,0.225136,0.188577,-0.069637
85,"[62, 128, 129, 130, 131, 133, 140, 153, 174, 179, 189, 197, 217, 239, 249, 284, 298, 342, 345, 367, 376, 381, 483, 525, 623, 639, 649, 657, 682, 684, 700, 729, 969, 996, 1029, 1044, 1068, 1074, 1117, 1191, 1209, 1456, 1463, 1488, 1501, 1508, 1509, 1537, 1550, 1584, 1611, 1690, 1732, 1790, 1796, 1856, 2064, 2143, 2144, 2360, 2374, 2590, 2787, 2828, 2855, 2914]",0.000038,-0.067391,0.307553,0.061822,0.244341,-0.083508,0.119496,0.385588,0.226757,0.118730
86,"[62, 126, 128, 130, 131, 140, 153, 174, 179, 188, 189, 197, 217, 239, 249, 284, 298, 342, 345, 367, 376, 381, 483, 497, 525, 623, 639, 657, 666, 684, 729, 969, 996, 1029, 1044, 1068, 1074, 1087, 1117, 1209, 1463, 1488, 1501, 1508, 1509, 1537, 1541, 1584, 1690, 1732, 1790, 1796, 1856, 2064, 2143, 2144, 2327, 2374, 2828, 2831, 2850, 2855, 2914]",0.000039,-0.047101,0.319637,0.103539,0.247880,-0.070234,0.107773,0.249660,0.234214,0.155520
87,"[12, 126, 129, 130, 131, 133, 140, 153, 174, 188, 189, 197, 217, 239, 249, 284, 298, 331, 342, 345, 367, 381, 497, 525, 623, 639, 651, 657, 666, 682, 684, 700, 729, 969, 996, 1029, 1044, 1068, 1074, 1087, 1117, 1147, 1191, 1456, 1463, 1501, 1508, 1509, 1537, 1550, 1584, 1690, 1732, 1796, 1856, 2064, 2144, 2360, 2374, 2590, 2787, 2828, 2831, 2855, 2914]",0.000040,-0.035266,0.302813,0.045455,0.255120,-0.043074,0.103014,0.194480,0.204054,0.006724
88,"[12, 62, 126, 128, 129, 131, 133, 140, 153, 174, 179, 188, 189, 197, 217, 239, 249, 284, 298, 342, 345, 367, 376, 381, 483, 497, 623, 649, 651, 657, 666, 682, 684, 700, 729, 996, 1044, 1068, 1074, 1117, 1147, 1191, 1456, 1463, 1488, 1501, 1509, 1537, 1541, 1550, 1584, 1690, 1732, 1856, 2064, 2143, 2144, 2327, 2360, 2590, 2787, 2828, 2850, 2855, 2914]",0.000039,-0.050644,0.308519,0.065156,0.249412,-0.064484,0.121055,0.403664,0.240670,0.187372
89,"[12, 62, 126, 128, 129, 130, 131, 133, 140, 153, 174, 179, 188, 217, 239, 249, 284, 298, 331, 342, 367, 376, 381, 483, 497, 525, 639, 651, 657, 666, 682, 684, 700, 729, 969, 996, 1029, 1044, 1068, 1074, 1087, 1117, 1147, 1191, 1209, 1456, 1463, 1509, 1537, 1541, 1550, 1584, 1611, 1690, 1732, 1796, 1856, 2064, 2143, 2360, 2374, 2590, 2787, 2831, 2914]",0.000039,-0.062319,0.306827,0.059312,0.241038,-0.095894,0.105231,0.220177,0.221808,0.094313
90,"[18, 75, 127, 135, 161, 277, 291, 339, 371, 393, 402, 415, 461, 495, 501, 526, 545, 548, 594, 813, 956, 958, 1011, 1041, 1061, 1097, 1122, 1129, 1175, 1197, 1225, 1226, 1457, 1459, 1486, 1681, 1686, 1985, 2052, 2059, 2069, 2071, 2072, 2105, 2113, 2127, 2129, 2255, 2292, 2343, 2405, 2592, 2719, 2725, 2773, 2780, 2783, 2905, 2922, 2937]",0.000038,-0.068116,0.308348,0.064567,0.239086,-0.103218,0.082839,-0.039463,0.195533,-0.035317
91,"[18, 75, 127, 135, 161, 277, 291, 339, 371, 393, 402, 415, 461, 495, 501, 526, 545, 548, 594, 813, 956, 958, 1011, 1041, 1061, 1097, 1122, 1129, 1175, 1197, 1225, 1226, 1457, 1459, 1486, 1681, 1686, 1985, 2052, 2059, 2069, 2071, 2072, 2105, 2113, 2127, 2129, 2255, 2292, 2343, 2405, 2592, 2719, 2725, 2773, 2780, 2783, 2905, 2922, 2937]",0.000040,-0.036071,0.304366,0.050818,0.254533,-0.045278,0.090964,0.054750,0.186565,-0.079560
92,"[18, 75, 127, 135, 161, 277, 291, 339, 371, 393, 402, 415, 461, 495, 501, 526, 545, 548, 594, 813, 956, 958, 1011, 1041, 1061, 1097, 1122, 1129, 1175, 1197, 1225, 1226, 1457, 1459, 1486, 1681, 1686, 1985, 2052, 2059, 2069, 2071, 2072, 2105, 2113, 2127, 2129, 2255, 2292, 2343, 2405, 2592, 2719, 2725, 2773, 2780, 2783, 2905, 2922, 2937]",0.000039,-0.062641,0.305629,0.055178,0.245540,-0.079009,0.081883,-0.050541,0.195314,-0.036398
93,"[18, 75, 127, 135, 161, 277, 291, 339, 371, 393, 402, 415, 461, 495, 501, 526, 545, 548, 594, 813, 956, 958, 1011, 1041, 1061, 1097, 1122, 1129, 1175, 1197, 1225, 1226, 1457, 1459, 1486, 1681, 1686, 1985, 2052, 2059, 2069, 2071, 2072, 2105, 2113, 2127, 2129, 2255, 2292, 2343, 2405, 2592, 2719, 2725, 2773, 2780, 2783, 2905, 2922, 2937]",0.000038,-0.073188,0.304763,0.052188,0.254972,-0.043632,0.090752,0.052296,0.186332,-0.080711
94,"[18, 75, 127, 135, 161, 277, 291, 339, 371, 393, 402, 415, 461, 495, 501, 526, 545, 548, 594, 813, 956, 958, 1011, 1041, 1061, 1097, 1122, 1129, 1175, 1197, 1225, 1226, 1457, 1459, 1486, 1681, 1686, 1985, 2052, 2059, 2069, 2071, 2072, 2105, 2113, 2127, 2129, 2255, 2292, 2343, 2405, 2592, 2719, 2725, 2773, 2780, 2783, 2905, 2922, 2937]",0.000039,-0.053704,0.307741,0.062470,0.250389,-0.060822,0.084793,-0.016804,0.190964,-0.057857
95,"[23, 44, 50, 58, 66, 123, 172, 194, 221, 511, 524, 535, 540, 570, 586, 596, 608, 627, 642, 652, 692, 872, 874, 1054, 1099, 1104, 1164, 1453, 1462, 1491, 1492, 1527, 1542, 1579, 1670, 1779, 1816, 1851, 2007, 2008, 2009, 2104, 2116, 2118, 2131, 2199, 2392, 2411, 2413, 2426, 2431, 2440, 2443, 2446, 2529, 2585, 2751]",0.000039,-0.053382,0.304278,0.050515,0.253177,-0.050364,0.081931,-0.049990,0.200706,-0.009797
96,"[23, 44, 50, 58, 66, 123, 172, 194, 221, 511, 524, 535, 540, 570, 586, 596, 608, 627, 642, 652, 692, 872, 874, 1054, 1099, 1104, 1164, 1453, 1462, 1491, 1492, 1527, 1542, 1579, 1670, 1779, 1816, 1851, 2007, 2008, 2009, 2104, 2116, 2118, 2131, 2199, 2392, 2411, 2413, 2426, 2431, 2440, 2443, 2446, 2529, 2585, 2751]",0.000040,-0.037198,0.304689,0.051932,0.253238,-0.050135,0.082084,-0.048218,0.196799,-0.029072
97,"[23, 44, 50, 58, 66, 123, 172, 194, 221, 511, 524, 535, 540, 570, 586, 596, 608, 627, 642, 652, 692, 872, 874, 1054, 1099, 1104, 1164, 1453, 1462, 1491, 1492, 1527, 1542, 1579, 1670, 1779, 1816, 1851, 2007, 2008, 2009, 2104, 2116, 2118, 2131, 2199, 2392, 2411, 2413, 2426, 2431, 2440, 2443, 2446, 2529, 2585, 2751]",0.000038,-0.069565,0.302362,0.043900,0.240865,-0.096543,0.086579,0.003902,0.198043,-0.022935
98,"[23, 44, 50, 58, 66, 123, 172, 194, 221, 511, 524, 535, 540, 570, 586, 596, 608, 627, 642, 652, 692, 872, 874, 1054, 1099, 1104, 1164, 1453, 1462, 1491, 1492, 1527, 1542, 1579, 1670, 1779, 1816, 1851, 2007, 2008, 2009, 2104, 2116, 2118, 2131, 2199, 2392, 2411, 2413, 2426, 2431, 2440, 2443, 2446, 2529, 2585, 2751]",0.000040,-0.024960,0.304798,0.052307,0.249180,-0.065354,0.085075,-0.013536,0.196971,-0.028225
99,"[23, 44, 50, 58, 66, 123, 172, 194, 221, 511, 524, 535, 540, 570, 586, 596, 608, 627, 642, 652, 692, 872, 874, 1054, 1099, 1104, 1164, 1453, 1462, 1491, 1492, 1527, 1542, 1579, 1670, 1779, 1816, 1851, 2007, 2008, 2009, 2104, 2116, 2118, 2131, 2199, 2392, 2411, 2413, 2426, 2431, 2440, 2443, 2446, 2529, 2585, 2751]",0.000040,-0.036473,0.302006,0.042668,0.253578,-0.048861,0.089209,0.034403,0.197558,-0.025325
100,"[150, 211, 312, 337, 372, 389, 439, 441, 485, 536, 573, 615, 617, 619, 695, 720, 723, 751, 1003, 1006, 1045, 1075, 1189, 1212, 1276, 1294, 1399, 1403, 1404, 1471, 1600, 1797, 1840, 1843, 1850, 1852, 1953, 2061, 2091, 2125, 2128, 2241, 2306, 2364, 2365, 2891]",0.000039,-0.059742,0.303735,0.048637,0.256181,-0.039098,0.097783,0.133825,0.217837,0.074724
101,"[150, 211, 312, 337, 372, 485, 536, 573, 615, 617, 619, 720, 723, 751, 1003, 1006, 1045, 1075, 1189, 1276, 1399, 1403, 1404, 1444, 1471, 1600, 1797, 1798, 1840, 1843, 1850, 1852, 1953, 2061, 2091, 2125, 2241, 2306, 2364, 2365, 2367, 2891]",0.000039,-0.062158,0.305027,0.053101,0.250325,-0.061060,0.103855,0.204224,0.208635,0.029324
102,"[211, 312, 337, 372, 389, 439, 441, 485, 536, 573, 617, 619, 695, 720, 723, 751, 1003, 1006, 1045, 1075, 1189, 1276, 1294, 1399, 1403, 1404, 1471, 1600, 1797, 1798, 1840, 1843, 1852, 1953, 2091, 2128, 2241, 2306, 2364, 2365, 2367, 2891]",0.000040,-0.028905,0.300780,0.038438,0.253193,-0.050304,0.100735,0.168054,0.212712,0.049438
103,"[150, 211, 337, 372, 389, 439, 441, 485, 536, 573, 615, 617, 619, 695, 720, 723, 751, 1003, 1006, 1045, 1075, 1189, 1212, 1276, 1399, 1403, 1444, 1600, 1797, 1798, 1840, 1843, 1850, 1852, 1953, 2061, 2091, 2128, 2241, 2364, 2365, 2367, 2891]",0.000039,-0.044283,0.304550,0.051453,0.268439,0.006881,0.094428,0.094922,0.218384,0.077421
104,"[150, 211, 312, 337, 372, 389, 439, 441, 536, 573, 615, 617, 619, 695, 720, 723, 751, 1003, 1006, 1045, 1075, 1189, 1212, 1276, 1294, 1399, 1444, 1471, 1797, 1798, 1840, 1843, 1850, 1852, 1953, 2061, 2091, 2125, 2306, 2364, 2365, 2367, 2891]",0.000039,-0.050322,0.300729,0.038261,0.250572,-0.060134,0.102162,0.184596,0.219160,0.081247
105,"[7, 183, 220, 251, 313, 344, 346, 362, 417, 466, 482, 560, 589, 590, 659, 660, 683, 743, 784, 820, 867, 891, 982, 984, 1401, 1442, 1474, 1692, 1784, 1807, 2244, 2263, 2366, 2401, 2417, 2433, 2496, 2532, 2732, 2776, 2782, 2837, 2851, 2861, 2885, 2904, 2921, 2926]",0.000040,-0.021900,0.302208,0.043367,0.262012,-0.017226,0.102692,0.190736,0.194572,-0.040061
106,"[7, 183, 220, 251, 313, 344, 346, 362, 417, 466, 482, 560, 589, 590, 630, 659, 660, 683, 743, 784, 820, 867, 891, 982, 984, 1192, 1401, 1442, 1474, 1692, 1784, 1807, 2244, 2263, 2366, 2401, 2417, 2433, 2496, 2532, 2732, 2776, 2837, 2851, 2861, 2885, 2904, 2921, 2926]",0.000040,-0.033172,0.290135,0.001685,0.251218,-0.057711,0.095817,0.111021,0.203625,0.004606
107,"[183, 251, 313, 344, 346, 362, 417, 466, 482, 560, 589, 590, 630, 659, 660, 683, 743, 784, 820, 867, 891, 982, 984, 1192, 1401, 1442, 1474, 1784, 1807, 2244, 2263, 2366, 2401, 2417, 2433, 2496, 2532, 2732, 2776, 2782, 2837, 2851, 2861, 2885, 2904, 2921, 2926]",0.000041,-0.005717,0.301670,0.041508,0.265225,-0.005174,0.098649,0.143865,0.223557,0.102940
108,"[7, 183, 220, 251, 313, 344, 346, 362, 417, 466, 482, 560, 589, 590, 630, 659, 660, 683, 743, 784, 820, 867, 891, 982, 984, 1401, 1442, 1474, 1692, 1784, 1807, 2244, 2263, 2366, 2401, 2417, 2433, 2496, 2532, 2732, 2776, 2782, 2837, 2851, 2861, 2885, 2904, 2921, 2926]",0.000041,-0.013124,0.296858,0.024895,0.272411,0.021779,0.100903,0.169996,0.205408,0.013403
109,"[7, 183, 220, 251, 313, 344, 346, 362, 417, 466, 482, 560, 589, 590, 630, 659, 660, 683, 743, 784, 820, 867, 891, 982, 984, 1192, 1401, 1442, 1474, 1692, 1784, 1807, 2244, 2263, 2366, 2401, 2433, 2496, 2532, 2732, 2776, 2782, 2837, 2851, 2861, 2885, 2904, 2921, 2926]",0.000040,-0.025121,0.301914,0.042353,0.255405,-0.042007,0.092795,0.075987,0.201971,-0.003555
110,"[29, 39, 108, 309, 366, 426, 430, 487, 529, 581, 611, 688, 690, 699, 713, 728, 749, 776, 841, 868, 879, 920, 1051, 1092, 1406, 1477, 1487, 1599, 1780, 1813, 1937, 2140, 2224, 2239, 2266, 2285, 2330, 2375, 2394, 2406, 2437, 2456, 2636, 2717, 2856, 2927]",0.000038,-0.076651,0.290696,0.003621,0.267675,0.004017,0.087382,0.013223,0.174364,-0.139757
111,"[29, 39, 108, 309, 366, 426, 430, 487, 506, 529, 581, 611, 688, 690, 699, 713, 749, 776, 841, 879, 920, 992, 1051, 1092, 1406, 1477, 1487, 1599, 1780, 1813, 1937, 2140, 2224, 2239, 2266, 2285, 2375, 2406, 2437, 2456, 2458, 2636, 2717, 2856, 2927]",0.000038,-0.075765,0.286003,-0.012582,0.258805,-0.029252,0.083769,-0.028680,0.177761,-0.122999
112,"[29, 39, 108, 309, 366, 426, 430, 487, 506, 529, 581, 611, 688, 690, 699, 713, 728, 749, 776, 841, 868, 879, 920, 992, 1051, 1092, 1406, 1477, 1487, 1599, 1780, 1937, 2140, 2224, 2239, 2266, 2285, 2330, 2375, 2394, 2406, 2437, 2458, 2636, 2717, 2927]",0.000038,-0.076248,0.295814,0.021293,0.269054,0.009188,0.084259,-0.022993,0.186874,-0.078035
113,"[29, 39, 108, 309, 366, 426, 430, 487, 506, 529, 581, 611, 688, 690, 699, 713, 728, 749, 776, 841, 868, 920, 992, 1051, 1092, 1406, 1477, 1487, 1599, 1780, 1813, 2140, 2224, 2239, 2266, 2285, 2375, 2394, 2406, 2437, 2456, 2458, 2717, 2856, 2927]",0.000038,-0.085910,0.294079,0.015300,0.268487,0.007063,0.082647,-0.041684,0.182905,-0.097616
114,"[29, 39, 108, 309, 366, 430, 487, 506, 529, 581, 688, 690, 699, 713, 749, 776, 841, 868, 879, 920, 992, 1051, 1092, 1406, 1477, 1487, 1599, 1813, 1937, 2140, 2224, 2239, 2266, 2285, 2330, 2375, 2394, 2406, 2437, 2456, 2458, 2717, 2856, 2927]",0.000038,-0.085749,0.292839,0.011020,0.257303,-0.034886,0.082633,-0.041852,0.178471,-0.119495
115,"[6, 223, 388, 442, 489, 532, 702, 781, 783, 793, 815, 895, 936, 953, 1027, 1096, 1121, 1196, 1213, 1216, 1257, 1279, 1291, 1485, 1565, 1585, 1627, 1704, 1706, 1724, 1728, 1747, 1974, 2210, 2220, 2232, 2233, 2268, 2342, 2416, 2483, 2486, 2488, 2503, 2512, 2514, 2531, 2561, 2567, 2595, 2606, 2819, 2842, 2858, 2886, 2893, 2898]",0.000039,-0.043559,0.302537,0.044503,0.253397,-0.049540,0.076959,-0.107638,0.196589,-0.030106
116,"[6, 223, 388, 442, 489, 532, 702, 722, 781, 783, 793, 815, 895, 953, 1016, 1027, 1096, 1121, 1196, 1213, 1216, 1279, 1291, 1485, 1565, 1585, 1627, 1704, 1706, 1724, 1728, 1747, 1974, 2210, 2220, 2232, 2268, 2342, 2397, 2416, 2483, 2484, 2486, 2488, 2503, 2512, 2514, 2531, 2561, 2567, 2595, 2606, 2842, 2858, 2886, 2893, 2898]",0.000039,-0.053140,0.296328,0.023064,0.268227,0.006089,0.090473,0.049055,0.212073,0.046284
117,"[6, 223, 388, 442, 489, 532, 702, 722, 781, 783, 793, 815, 936, 953, 1027, 1096, 1196, 1213, 1257, 1279, 1291, 1485, 1565, 1585, 1627, 1704, 1706, 1724, 1728, 1747, 1974, 2210, 2220, 2232, 2233, 2268, 2342, 2397, 2416, 2483, 2484, 2486, 2488, 2503, 2512, 2514, 2531, 2561, 2567, 2595, 2606, 2819, 2842, 2858, 2886, 2893, 2898]",0.000039,-0.054750,0.290752,0.003816,0.266956,0.001318,0.094398,0.094569,0.200617,-0.010232
118,"[6, 388, 442, 489, 532, 702, 722, 781, 783, 793, 815, 895, 936, 953, 1016, 1027, 1096, 1121, 1196, 1213, 1216, 1257, 1291, 1485, 1565, 1585, 1627, 1706, 1724, 1728, 1747, 1974, 2210, 2220, 2232, 2233, 2268, 2342, 2397, 2416, 2483, 2484, 2488, 2503, 2512, 2514, 2531, 2567, 2595, 2606, 2819, 2842, 2858, 2886, 2893, 2898]",0.000040,-0.033333,0.299578,0.034287,0.260388,-0.023315,0.091363,0.059381,0.213283,0.052253
119,"[6, 223, 388, 442, 489, 532, 702, 722, 781, 783, 815, 895, 936, 953, 1016, 1027, 1096, 1121, 1196, 1213, 1216, 1257, 1279, 1291, 1485, 1565, 1585, 1627, 1704, 1706, 1724, 1728, 1747, 1974, 2210, 2220, 2232, 2233, 2268, 2342, 2397, 2416, 2483, 2484, 2486, 2488, 2503, 2512, 2514, 2531, 2561, 2567, 2606, 2819, 2842, 2858, 2886, 2898]",0.000040,-0.034461,0.307884,0.062965,0.268912,0.008655,0.099219,0.150467,0.221276,0.091689
120,"[34, 122, 435, 468, 478, 494, 509, 565, 618, 647, 653, 673, 733, 778, 779, 822, 863, 871, 882, 888, 973, 1043, 1484, 1530, 1844, 1918, 1979, 2006, 2030, 2033, 2083, 2097, 2107, 2154, 2204, 2223, 2282, 2298, 2310, 2399, 2408, 2442, 2447, 2468, 2523, 2583, 2588, 2589, 2628, 2630, 2673, 2716, 2738, 2740, 2848, 2909, 2913]",0.000039,-0.042673,0.293332,0.012723,0.259063,-0.028288,0.090200,0.045890,0.199911,-0.013720
121,"[34, 122, 435, 468, 478, 494, 509, 618, 647, 653, 673, 733, 778, 779, 863, 882, 888, 973, 1043, 1101, 1484, 1530, 1533, 1601, 1844, 1918, 1979, 2006, 2030, 2033, 2083, 2097, 2107, 2154, 2204, 2223, 2282, 2297, 2298, 2310, 2399, 2408, 2442, 2447, 2467, 2468, 2523, 2583, 2588, 2589, 2628, 2630, 2673, 2716, 2738, 2740, 2848, 2909, 2913]",0.000040,-0.030113,0.302341,0.043826,0.259242,-0.027616,0.086639,0.004597,0.205003,0.011403
122,"[34, 122, 435, 478, 494, 509, 565, 618, 647, 653, 673, 733, 778, 779, 822, 863, 871, 882, 888, 973, 1043, 1484, 1530, 1533, 1601, 1844, 1918, 1979, 2006, 2030, 2033, 2055, 2083, 2097, 2154, 2204, 2223, 2282, 2297, 2298, 2310, 2399, 2408, 2442, 2447, 2468, 2523, 2583, 2589, 2628, 2673, 2716, 2738, 2740, 2848, 2909, 2913]",0.000040,-0.039775,0.307771,0.062572,0.248463,-0.068047,0.102410,0.187474,0.197199,-0.027095
123,"[34, 122, 435, 468, 478, 494, 509, 565, 618, 647, 653, 673, 733, 778, 779, 822, 863, 871, 882, 888, 973, 1043, 1101, 1484, 1530, 1533, 1601, 1844, 1918, 1979, 2006, 2030, 2033, 2055, 2083, 2097, 2107, 2204, 2223, 2297, 2298, 2310, 2399, 2408, 2442, 2447, 2467, 2468, 2523, 2583, 2588, 2589, 2630, 2673, 2716, 2738, 2740, 2848, 2909, 2913]",0.000039,-0.042995,0.301763,0.041829,0.245334,-0.079783,0.095571,0.108174,0.205916,0.015908
124,"[435, 468, 478, 494, 509, 618, 647, 673, 733, 778, 779, 822, 863, 871, 882, 888, 973, 1043, 1101, 1484, 1530, 1533, 1601, 1844, 1918, 1979, 2006, 2033, 2055, 2083, 2097, 2107, 2154, 2204, 2223, 2282, 2297, 2298, 2310, 2399, 2408, 2442, 2447, 2467, 2468, 2583, 2588, 2589, 2628, 2630, 2673, 2716, 2738, 2740, 2848, 2909, 2913]",0.000040,-0.029791,0.303665,0.048398,0.236674,-0.112264,0.100024,0.159807,0.184506,-0.089720
125,"[5, 79, 80, 82, 112, 121, 377, 386, 427, 437, 444, 505, 755, 763, 764, 824, 959, 968, 970, 975, 1034, 1138, 1146, 1261, 1289, 1316, 1451, 1532, 1571, 1620, 1640, 1641, 1642, 1696, 1699, 1723, 1772, 1809, 1810, 1818, 1921, 1930, 1950, 1955, 1987, 1988, 1992, 1995, 2027, 2090, 2146, 2153, 2156, 2228, 2260, 2313, 2316, 2318, 2502, 2555, 2569, 2639, 2708, 2710, 2714, 2745, 2896]",0.000039,-0.065620,0.307560,0.061845,0.267969,0.005118,0.082613,-0.042081,0.217727,0.074182
126,"[5, 79, 80, 82, 112, 121, 377, 386, 427, 437, 444, 505, 755, 763, 764, 824, 959, 968, 970, 975, 1034, 1138, 1146, 1261, 1289, 1316, 1451, 1532, 1571, 1620, 1640, 1641, 1642, 1696, 1699, 1723, 1772, 1809, 1810, 1818, 1921, 1929, 1930, 1950, 1955, 1987, 1988, 1992, 1995, 2027, 2090, 2146, 2153, 2156, 2228, 2260, 2313, 2316, 2318, 2502, 2555, 2569, 2639, 2708, 2710, 2714, 2745, 2896]",0.000039,-0.064734,0.304690,0.051937,0.244287,-0.083710,0.079667,-0.076245,0.216932,0.070259
127,"[5, 79, 80, 82, 112, 121, 377, 386, 427, 437, 444, 505, 755, 763, 764, 824, 959, 968, 970, 975, 1034, 1138, 1146, 1261, 1289, 1316, 1451, 1532, 1571, 1620, 1640, 1641, 1642, 1696, 1699, 1723, 1772, 1809, 1810, 1818, 1921, 1929, 1930, 1950, 1955, 1987, 1988, 1992, 1995, 2027, 2090, 2146, 2153, 2156, 2228, 2260, 2313, 2316, 2318, 2502, 2555, 2569, 2639, 2710, 2714, 2745, 2896]",0.000039,-0.060548,0.300203,0.036444,0.253975,-0.047369,0.086379,0.001588,0.207903,0.025712
128,"[5, 79, 80, 82, 112, 121, 377, 386, 427, 437, 444, 505, 755, 763, 764, 824, 959, 968, 970, 975, 1034, 1138, 1146, 1261, 1289, 1316, 1451, 1532, 1571, 1620, 1640, 1641, 1642, 1696, 1699, 1723, 1772, 1809, 1810, 1818, 1921, 1929, 1930, 1950, 1955, 1987, 1988, 1992, 1995, 2027, 2090, 2146, 2153, 2156, 2228, 2260, 2313, 2316, 2318, 2502, 2555, 2569, 2639, 2708, 2710, 2714, 2745, 2896]",0.000039,-0.049839,0.296318,0.023031,0.255044,-0.043361,0.085008,-0.014307,0.204185,0.007370
129,"[5, 79, 80, 82, 112, 121, 377, 386, 427, 437, 444, 505, 755, 763, 764, 824, 959, 968, 970, 975, 1034, 1138, 1146, 1261, 1289, 1316, 1451, 1532, 1571, 1620, 1640, 1641, 1642, 1696, 1699, 1723, 1772, 1809, 1810, 1818, 1921, 1929, 1930, 1950, 1955, 1988, 1992, 1995, 2027, 2090, 2146, 2153, 2156, 2228, 2260, 2313, 2316, 2318, 2502, 2555, 2569, 2639, 2708, 2710, 2714, 2745, 2896]",0.000038,-0.080515,0.311018,0.073782,0.248540,-0.067756,0.085764,-0.005545,0.201017,-0.008264
130,"[226, 314, 475, 528, 582, 685, 732, 745, 773, 847, 853, 901, 932, 965, 1028, 1152, 1153, 1305, 1309, 1320, 1339, 1361, 1381, 1389, 1392, 1438, 1475, 1621, 1649, 1707, 1743, 2019, 2079, 2094, 2163, 2164, 2186, 2454, 2463, 2509, 2538, 2545, 2559, 2562, 2618, 2675, 2697, 2769, 2772, 2805, 2853, 2877, 2907]",0.000041,-0.012158,0.293908,0.014712,0.274139,0.028264,0.104194,0.208161,0.209337,0.032784
131,"[226, 314, 475, 528, 582, 685, 732, 745, 773, 847, 853, 901, 932, 965, 1028, 1152, 1153, 1305, 1309, 1320, 1339, 1361, 1381, 1389, 1392, 1438, 1475, 1621, 1649, 1707, 1743, 2019, 2079, 2094, 2163, 2164, 2186, 2454, 2463, 2509, 2538, 2545, 2559, 2562, 2618, 2675, 2697, 2769, 2772, 2805, 2853, 2877, 2907]",0.000039,-0.052093,0.289672,0.000085,0.263343,-0.012233,0.097220,0.127290,0.203382,0.003405
132,"[226, 314, 475, 528, 582, 685, 732, 745, 773, 847, 853, 901, 932, 965, 1028, 1152, 1153, 1305, 1309, 1320, 1339, 1361, 1381, 1389, 1392, 1438, 1475, 1621, 1649, 1707, 1743, 2019, 2079, 2094, 2163, 2164, 2186, 2454, 2463, 2509, 2538, 2545, 2559, 2562, 2618, 2675, 2697, 2769, 2772, 2805, 2853, 2877, 2907]",0.000040,-0.020290,0.300438,0.037256,0.272253,0.021188,0.104098,0.207042,0.210922,0.040606
133,"[226, 314, 475, 528, 582, 685, 732, 745, 773, 847, 853, 901, 932, 965, 1028, 1152, 1153, 1305, 1309, 1320, 1339, 1361, 1381, 1389, 1392, 1438, 1475, 1621, 1649, 1707, 1743, 2019, 2079, 2094, 2163, 2164, 2186, 2454, 2463, 2509, 2538, 2545, 2559, 2562, 2618, 2675, 2697, 2769, 2772, 2805, 2853, 2877, 2907]",0.000041,-0.014976,0.293086,0.011874,0.265637,-0.003629,0.094582,0.096707,0.219664,0.083736
134,"[226, 314, 475, 528, 582, 685, 732, 745, 773, 847, 853, 901, 932, 965, 1028, 1152, 1153, 1305, 1309, 1320, 1339, 1361, 1381, 1389, 1392, 1438, 1475, 1621, 1649, 1707, 1743, 2019, 2079, 2094, 2163, 2164, 2186, 2454, 2463, 2509, 2538, 2545, 2562, 2618, 2675, 2697, 2769, 2772, 2805, 2853, 2877, 2907]",0.000041,-0.016184,0.291449,0.006223,0.275324,0.032706,0.093715,0.086646,0.204029,0.006597
135,"[89, 95, 106, 110, 186, 315, 455, 493, 507, 718, 757, 799, 808, 830, 834, 850, 851, 860, 869, 896, 898, 906, 930, 940, 981, 1009, 1141, 1161, 1290, 1332, 1355, 1375, 1390, 1480, 1615, 1712, 1726, 1753, 1759, 1890, 2084, 2155, 2179, 2198, 2230, 2379, 2418, 2491, 2550, 2556, 2557, 2578, 2711, 2742, 2771, 2809, 2901, 2902, 2912]",0.000038,-0.071014,0.306025,0.056545,0.250369,-0.060898,0.076078,-0.117854,0.197447,-0.025874
136,"[89, 95, 106, 110, 186, 305, 455, 493, 507, 718, 757, 799, 808, 830, 834, 850, 851, 855, 860, 869, 896, 898, 906, 930, 940, 981, 1009, 1141, 1290, 1332, 1355, 1375, 1390, 1480, 1615, 1726, 1753, 1759, 1890, 1906, 2084, 2155, 2179, 2198, 2230, 2418, 2550, 2556, 2557, 2563, 2578, 2711, 2742, 2771, 2809, 2901, 2902, 2912]",0.000038,-0.078100,0.303345,0.047293,0.261066,-0.020773,0.069565,-0.193370,0.207943,0.025911
137,"[89, 95, 106, 110, 186, 305, 315, 455, 493, 507, 718, 757, 799, 808, 830, 834, 850, 851, 855, 860, 869, 896, 906, 930, 940, 981, 1009, 1141, 1161, 1290, 1332, 1355, 1375, 1390, 1480, 1615, 1712, 1726, 1753, 1759, 1890, 1906, 2155, 2179, 2198, 2230, 2379, 2418, 2491, 2550, 2556, 2557, 2563, 2578, 2711, 2742, 2771, 2809, 2901, 2902, 2912]",0.000039,-0.055636,0.297284,0.026368,0.260008,-0.024742,0.083108,-0.036339,0.193872,-0.043514
138,"[89, 95, 106, 110, 186, 315, 455, 493, 507, 718, 757, 799, 808, 830, 834, 850, 851, 855, 860, 869, 896, 898, 906, 930, 940, 981, 1009, 1141, 1161, 1332, 1355, 1375, 1480, 1615, 1712, 1726, 1753, 1759, 1890, 1906, 2084, 2155, 2179, 2230, 2379, 2418, 2491, 2550, 2556, 2557, 2563, 2578, 2711, 2742, 2771, 2809, 2901, 2902, 2912]",0.000038,-0.084541,0.316173,0.091582,0.256940,-0.036248,0.074151,-0.140203,0.198820,-0.019101
139,"[89, 95, 106, 186, 305, 315, 455, 493, 507, 718, 757, 799, 808, 830, 834, 850, 851, 855, 860, 869, 896, 898, 906, 930, 940, 981, 1009, 1141, 1161, 1290, 1332, 1355, 1375, 1390, 1615, 1712, 1726, 1753, 1759, 1890, 1906, 2084, 2155, 2179, 2198, 2230, 2418, 2491, 2550, 2556, 2557, 2563, 2578, 2711, 2771, 2809, 2901, 2902, 2912]",0.000038,-0.084380,0.315484,0.089201,0.257421,-0.034445,0.074865,-0.131918,0.192852,-0.048542
140,"[180, 409, 443, 655, 662, 715, 730, 750, 758, 777, 790, 806, 809, 854, 857, 917, 926, 976, 985, 1140, 1220, 1304, 1330, 1333, 1344, 1464, 1682, 1860, 2012, 2075, 2085, 2162, 2245, 2390, 2448, 2452, 2487, 2489, 2570, 2623, 2676, 2678, 2693, 2728, 2730, 2839, 2849, 2862, 2873, 2888, 2911, 2920]",0.000040,-0.034702,0.296878,0.024965,0.265057,-0.005805,0.096840,0.122883,0.211405,0.042989
141,"[180, 409, 443, 655, 662, 715, 730, 750, 758, 759, 790, 806, 809, 831, 854, 917, 926, 976, 985, 1140, 1220, 1304, 1333, 1344, 1366, 1464, 1682, 1860, 2012, 2075, 2085, 2162, 2245, 2390, 2429, 2448, 2451, 2452, 2487, 2489, 2508, 2570, 2623, 2676, 2678, 2693, 2728, 2730, 2839, 2862, 2873, 2888, 2911, 2920]",0.000041,-0.006924,0.297146,0.025890,0.265930,-0.002529,0.100881,0.169742,0.213448,0.053068
142,"[180, 409, 443, 556, 662, 715, 730, 750, 758, 759, 777, 790, 806, 831, 854, 857, 917, 926, 976, 985, 1140, 1304, 1330, 1333, 1344, 1366, 1464, 1682, 2012, 2075, 2085, 2162, 2390, 2429, 2451, 2452, 2487, 2508, 2570, 2623, 2676, 2678, 2693, 2728, 2826, 2839, 2849, 2862, 2873, 2888, 2911, 2920]",0.000041,-0.015459,0.295517,0.020265,0.264552,-0.007696,0.093653,0.085932,0.207627,0.024348
143,"[180, 409, 556, 662, 715, 730, 750, 758, 759, 777, 790, 806, 809, 831, 854, 857, 917, 926, 976, 985, 1140, 1220, 1304, 1330, 1333, 1344, 1366, 1464, 1682, 1860, 2012, 2075, 2085, 2162, 2245, 2429, 2451, 2452, 2487, 2489, 2508, 2570, 2623, 2676, 2678, 2693, 2728, 2826, 2839, 2849, 2862, 2911, 2920]",0.000041,-0.014573,0.289636,-0.000037,0.260465,-0.023028,0.088784,0.029475,0.209209,0.032157
144,"[180, 409, 443, 556, 655, 662, 715, 730, 750, 758, 777, 806, 831, 854, 857, 917, 926, 976, 985, 1140, 1304, 1330, 1333, 1344, 1366, 1464, 1682, 1860, 2012, 2075, 2085, 2245, 2429, 2448, 2451, 2452, 2487, 2489, 2508, 2570, 2623, 2676, 2678, 2693, 2728, 2730, 2826, 2839, 2849, 2873, 2888, 2911, 2920]",0.000041,-0.008293,0.288327,-0.004557,0.256100,-0.039398,0.101393,0.175682,0.200880,-0.008938
145,"[94, 101, 397, 419, 473, 481, 488, 584, 607, 612, 734, 744, 826, 827, 829, 960, 972, 983, 1267, 1278, 1299, 1301, 1315, 1329, 1727, 1877, 1885, 1893, 1894, 1902, 1905, 1938, 1939, 1962, 1964, 2005, 2015, 2016, 2021, 2034, 2043, 2054, 2088, 2115, 2161, 2170, 2183, 2184, 2188, 2195, 2279, 2303, 2403, 2457, 2471, 2477, 2554, 2629, 2642, 2643, 2661, 2689, 2690, 2731, 2752, 2832, 2941]",0.000040,-0.038728,0.300798,0.038498,0.255910,-0.040113,0.100962,0.170686,0.204595,0.009393
146,"[94, 101, 397, 419, 473, 481, 488, 584, 607, 612, 734, 744, 826, 827, 829, 960, 972, 983, 1267, 1278, 1299, 1301, 1315, 1329, 1727, 1877, 1885, 1893, 1894, 1902, 1905, 1938, 1939, 1962, 1964, 2005, 2015, 2016, 2021, 2034, 2043, 2054, 2088, 2115, 2161, 2170, 2183, 2184, 2188, 2195, 2279, 2303, 2403, 2457, 2471, 2477, 2554, 2629, 2642, 2643, 2661, 2689, 2690, 2731, 2752, 2832, 2941]",0.000040,-0.028502,0.303397,0.047470,0.271481,0.018292,0.095776,0.110548,0.210578,0.038910
147,"[94, 101, 397, 419, 473, 481, 488, 584, 607, 612, 734, 744, 826, 827, 829, 960, 972, 983, 1267, 1278, 1299, 1301, 1315, 1329, 1727, 1877, 1885, 1893, 1894, 1902, 1905, 1938, 1939, 1962, 1964, 2005, 2015, 2016, 2021, 2034, 2043, 2054, 2088, 2115, 2161, 2170, 2183, 2184, 2188, 2195, 2279, 2303, 2403, 2457, 2471, 2477, 2554, 2629, 2642, 2643, 2661, 2689, 2690, 2731, 2752, 2832, 2941]",0.000040,-0.038567,0.303878,0.049132,0.254167,-0.046648,0.094667,0.097687,0.207221,0.022347
148,"[94, 101, 397, 419, 473, 481, 488, 584, 607, 612, 734, 744, 826, 827, 829, 960, 972, 983, 1267, 1278, 1299, 1301, 1315, 1329, 1727, 1877, 1885, 1893, 1894, 1902, 1905, 1938, 1939, 1962, 1964, 2005, 2015, 2016, 2021, 2034, 2043, 2054, 2088, 2115, 2161, 2170, 2183, 2184, 2188, 2195, 2279, 2303, 2403, 2457, 2471, 2477, 2554, 2629, 2642, 2643, 2661, 2689, 2690, 2731, 2752, 2832, 2941]",0.000040,-0.032850,0.301596,0.041255,0.265812,-0.002970,0.086466,0.002595,0.203989,0.006400
149,"[94, 101, 397, 419, 473, 481, 488, 584, 607, 612, 734, 744, 826, 827, 829, 960, 972, 983, 1267, 1278, 1299, 1301, 1315, 1329, 1727, 1877, 1885, 1893, 1894, 1902, 1905, 1938, 1939, 1962, 1964, 2005, 2015, 2016, 2021, 2034, 2043, 2054, 2088, 2115, 2161, 2170, 2183, 2184, 2188, 2195, 2279, 2303, 2403, 2457, 2471, 2477, 2554, 2629, 2642, 2643, 2661, 2689, 2690, 2731, 2752, 2832, 2941]",0.000040,-0.032850,0.301596,0.041255,0.265812,-0.002970,0.086466,0.002595,0.203989,0.006400
150,"[47, 54, 61, 64, 69, 269, 422, 599, 658, 714, 727, 890, 927, 928, 957, 966, 1077, 1103, 1131, 1139, 1251, 1255, 1258, 1263, 1323, 1414, 1436, 1655, 1687, 1760, 1872, 1876, 1878, 1880, 1881, 1892, 1932, 1934, 1936, 1946, 1957, 1961, 1986, 1989, 1993, 1999, 2022, 2028, 2029, 2040, 2041, 2042, 2089, 2150, 2167, 2178, 2295, 2357, 2524, 2536, 2580, 2632, 2665, 2754, 2795, 2818]",0.000039,-0.050725,0.291685,0.007036,0.275271,0.032509,0.088912,0.030963,0.227767,0.123712
151,"[47, 54, 61, 64, 422, 599, 654, 658, 714, 727, 890, 927, 928, 957, 966, 1077, 1103, 1131, 1139, 1251, 1255, 1258, 1323, 1335, 1414, 1436, 1655, 1687, 1760, 1838, 1872, 1876, 1878, 1880, 1881, 1892, 1932, 1934, 1936, 1946, 1957, 1961, 1986, 1989, 1993, 1999, 2022, 2029, 2040, 2041, 2042, 2089, 2150, 2167, 2178, 2295, 2357, 2524, 2536, 2580, 2632, 2665, 2754, 2795, 2818]",0.000040,-0.024799,0.304054,0.049739,0.276139,0.035766,0.099596,0.154841,0.213804,0.054824
152,"[47, 54, 61, 64, 69, 269, 422, 599, 654, 658, 714, 727, 890, 927, 928, 957, 966, 1077, 1103, 1131, 1139, 1251, 1255, 1258, 1263, 1323, 1335, 1414, 1436, 1655, 1687, 1760, 1838, 1872, 1876, 1878, 1880, 1881, 1892, 1932, 1934, 1936, 1946, 1957, 1961, 1986, 1989, 1993, 1999, 2022, 2028, 2029, 2040, 2041, 2042, 2089, 2150, 2178, 2295, 2357, 2524, 2536, 2580, 2632, 2665, 2754, 2795, 2818]",0.000040,-0.040741,0.302393,0.044005,0.260701,-0.022142,0.097633,0.132079,0.213163,0.051661
153,"[47, 54, 61, 64, 69, 269, 422, 599, 654, 658, 714, 727, 890, 927, 928, 957, 966, 1077, 1103, 1131, 1139, 1255, 1258, 1323, 1335, 1414, 1436, 1655, 1687, 1760, 1838, 1872, 1876, 1878, 1880, 1881, 1892, 1934, 1936, 1946, 1957, 1961, 1986, 1989, 1993, 1999, 2022, 2028, 2029, 2041, 2042, 2150, 2167, 2178, 2295, 2357, 2524, 2536, 2580, 2632, 2665, 2754, 2795, 2818]",0.000040,-0.036151,0.308252,0.064233,0.276884,0.038560,0.092270,0.069890,0.212758,0.049666
154,"[47, 64, 69, 269, 422, 599, 654, 658, 714, 727, 890, 927, 957, 966, 1077, 1103, 1131, 1139, 1255, 1258, 1263, 1323, 1335, 1414, 1436, 1655, 1687, 1760, 1838, 1872, 1876, 1878, 1880, 1881, 1892, 1932, 1934, 1936, 1946, 1957, 1961, 1986, 1989, 1993, 1999, 2022, 2028, 2029, 2040, 2041, 2042, 2089, 2150, 2167, 2178, 2295, 2357, 2524, 2536, 2580, 2632, 2665, 2754, 2795, 2818]",0.000040,-0.029308,0.304047,0.049714,0.282677,0.060288,0.096751,0.121849,0.237066,0.169590
155,"[20, 51, 57, 60, 151, 152, 157, 164, 169, 175, 176, 258, 259, 278, 280, 498, 508, 517, 534, 547, 566, 626, 661, 672, 1050, 1056, 1062, 1082, 1084, 1495, 1510, 1511, 1524, 1526, 1546, 1549, 1559, 1568, 1648, 1791, 1819, 1821, 1862, 1864, 1865, 1912, 1927, 1972, 2070, 2098, 2099, 2106, 2130, 2132, 2138, 2208, 2209, 2344, 2345, 2346, 2359, 2391, 2398, 2430, 2892]",0.000036,-0.125443,0.273202,-0.056775,0.259815,-0.025467,0.146656,0.700512,0.169781,-0.162369
156,"[20, 51, 57, 60, 151, 152, 157, 164, 169, 175, 176, 258, 259, 278, 280, 498, 508, 517, 534, 547, 566, 626, 661, 672, 1050, 1056, 1062, 1082, 1084, 1495, 1510, 1511, 1524, 1526, 1545, 1546, 1549, 1559, 1568, 1648, 1791, 1819, 1821, 1862, 1864, 1865, 1912, 1927, 1972, 2070, 2098, 2099, 2106, 2130, 2132, 2138, 2208, 2209, 2344, 2345, 2346, 2359, 2391, 2398, 2430, 2892]",0.000037,-0.102576,0.280051,-0.033130,0.264082,-0.009459,0.156883,0.819098,0.165991,-0.181068
157,"[20, 51, 57, 60, 151, 152, 157, 164, 169, 175, 176, 258, 259, 278, 280, 498, 508, 517, 534, 547, 566, 626, 661, 672, 1050, 1056, 1062, 1082, 1084, 1495, 1510, 1511, 1524, 1526, 1545, 1546, 1549, 1559, 1568, 1648, 1791, 1819, 1821, 1862, 1864, 1865, 1912, 1927, 1972, 2070, 2098, 2099, 2106, 2130, 2132, 2138, 2208, 2209, 2344, 2345, 2346, 2359, 2391, 2398, 2430, 2892]",0.000036,-0.121095,0.276759,-0.044496,0.253575,-0.048869,0.135818,0.574847,0.159417,-0.213500
158,"[20, 51, 57, 60, 151, 152, 157, 164, 169, 175, 176, 258, 259, 278, 280, 498, 508, 517, 534, 547, 566, 626, 661, 672, 1050, 1056, 1062, 1082, 1084, 1495, 1510, 1511, 1524, 1526, 1545, 1546, 1549, 1559, 1568, 1648, 1791, 1819, 1821, 1862, 1864, 1865, 1912, 1927, 1972, 2070, 2098, 2099, 2106, 2130, 2132, 2138, 2208, 2209, 2344, 2345, 2346, 2359, 2391, 2398, 2430, 2892]",0.000037,-0.113929,0.276549,-0.045220,0.250691,-0.059690,0.146795,0.702126,0.175921,-0.132076
159,"[20, 51, 57, 60, 151, 152, 157, 164, 169, 175, 176, 258, 259, 278, 280, 498, 508, 517, 534, 547, 566, 626, 661, 672, 1050, 1056, 1062, 1082, 1084, 1495, 1510, 1524, 1526, 1545, 1546, 1549, 1559, 1568, 1648, 1791, 1819, 1821, 1862, 1864, 1865, 1912, 1927, 1972, 2070, 2098, 2099, 2106, 2130, 2132, 2138, 2208, 2209, 2344, 2345, 2346, 2359, 2391, 2398, 2430, 2892]",0.000037,-0.108454,0.274802,-0.051252,0.251711,-0.055862,0.137506,0.594424,0.175365,-0.134818
160,"[14, 33, 77, 216, 335, 360, 361, 373, 375, 395, 502, 604, 605, 694, 697, 709, 721, 791, 990, 991, 993, 1012, 1023, 1026, 1042, 1047, 1049, 1070, 1071, 1085, 1136, 1176, 1177, 1199, 1210, 1234, 1244, 1369, 1370, 1371, 1372, 1373, 1449, 1467, 1476, 1482, 1516, 1617, 1635, 1651, 1665, 1746, 1787, 1788, 1799, 1853, 1863, 1907, 1968, 2247, 2256, 2289, 2299, 2335, 2464, 2917, 2919]",0.000040,-0.028744,0.293515,0.013353,0.262802,-0.014262,0.114891,0.332195,0.225284,0.111462
161,"[14, 77, 182, 216, 360, 361, 373, 375, 395, 502, 518, 604, 605, 694, 697, 709, 721, 791, 990, 991, 993, 1012, 1023, 1026, 1042, 1047, 1049, 1070, 1071, 1085, 1136, 1176, 1177, 1199, 1210, 1234, 1244, 1369, 1370, 1371, 1372, 1373, 1467, 1476, 1482, 1516, 1617, 1635, 1651, 1665, 1746, 1787, 1788, 1799, 1853, 1863, 1907, 1968, 2247, 2256, 2289, 2299, 2335, 2464, 2917, 2919]",0.000038,-0.068116,0.292868,0.011121,0.259952,-0.024952,0.108600,0.259250,0.225266,0.111371
162,"[14, 33, 77, 182, 216, 335, 360, 361, 373, 375, 395, 502, 518, 604, 605, 694, 697, 709, 721, 791, 990, 991, 993, 1012, 1023, 1026, 1042, 1047, 1049, 1071, 1085, 1136, 1176, 1177, 1199, 1210, 1234, 1244, 1369, 1370, 1371, 1372, 1373, 1449, 1467, 1476, 1482, 1516, 1617, 1635, 1651, 1665, 1746, 1787, 1788, 1799, 1853, 1863, 1907, 1968, 2247, 2256, 2299, 2335, 2464, 2917, 2919]",0.000039,-0.052335,0.286353,-0.011372,0.268720,0.007936,0.104525,0.211995,0.230882,0.139079
163,"[14, 33, 77, 182, 216, 335, 360, 361, 375, 395, 502, 518, 604, 605, 694, 697, 709, 721, 791, 990, 991, 993, 1012, 1023, 1026, 1042, 1047, 1049, 1070, 1071, 1085, 1136, 1176, 1177, 1199, 1210, 1234, 1244, 1369, 1370, 1371, 1372, 1373, 1449, 1467, 1476, 1482, 1516, 1617, 1635, 1651, 1665, 1746, 1787, 1788, 1799, 1853, 1907, 1968, 2247, 2256, 2289, 2299, 2335, 2464, 2917, 2919]",0.000039,-0.046135,0.290667,0.003520,0.261120,-0.020570,0.114659,0.329499,0.221268,0.091648
164,"[14, 33, 77, 182, 216, 335, 360, 361, 373, 375, 395, 502, 518, 604, 694, 697, 709, 721, 791, 990, 991, 993, 1012, 1023, 1026, 1042, 1047, 1049, 1070, 1071, 1085, 1136, 1176, 1177, 1199, 1210, 1234, 1244, 1370, 1371, 1372, 1373, 1449, 1467, 1476, 1482, 1516, 1617, 1635, 1651, 1665, 1746, 1787, 1788, 1799, 1853, 1907, 1968, 2247, 2256, 2289, 2299, 2335, 2464, 2917, 2919]",0.000039,-0.048551,0.286701,-0.010170,0.259382,-0.027089,0.112751,0.307383,0.212236,0.047089
165,"[15, 38, 125, 162, 190, 195, 201, 213, 336, 403, 448, 496, 510, 520, 523, 551, 597, 609, 610, 620, 622, 631, 633, 645, 687, 703, 704, 765, 1064, 1214, 1478, 1493, 1502, 1513, 1540, 1614, 1676, 1820, 1837, 1841, 1861, 1908, 1919, 1922, 1928, 1982, 2101, 2109, 2114, 2117, 2120, 2137, 2142, 2212, 2272, 2407, 2435, 2441, 2474, 2479, 2586, 2597]",0.000036,-0.133575,0.277703,-0.041236,0.231235,-0.132665,0.061320,-0.288983,0.157195,-0.224460
166,"[15, 38, 59, 125, 162, 190, 195, 201, 213, 403, 448, 496, 510, 520, 523, 597, 609, 610, 620, 622, 631, 633, 645, 687, 703, 704, 765, 1064, 1214, 1478, 1493, 1502, 1513, 1540, 1676, 1820, 1837, 1841, 1861, 1908, 1919, 1922, 1928, 1982, 2101, 2109, 2114, 2117, 2120, 2137, 2142, 2212, 2272, 2407, 2435, 2441, 2474, 2479, 2586, 2597, 2684]",0.000035,-0.148631,0.272052,-0.060746,0.235836,-0.115406,0.052639,-0.389638,0.159318,-0.213985
167,"[15, 38, 59, 125, 162, 195, 201, 213, 336, 403, 448, 496, 510, 520, 523, 551, 597, 609, 610, 620, 622, 631, 645, 687, 703, 704, 765, 1064, 1214, 1478, 1493, 1502, 1513, 1614, 1676, 1820, 1837, 1841, 1861, 1908, 1919, 1922, 1928, 1982, 2101, 2109, 2114, 2117, 2120, 2137, 2142, 2212, 2272, 2407, 2435, 2441, 2474, 2479, 2586, 2597, 2684]",0.000036,-0.123913,0.278641,-0.037999,0.228879,-0.141501,0.064168,-0.255950,0.152717,-0.246552
168,"[15, 38, 59, 125, 162, 190, 195, 201, 213, 336, 403, 448, 496, 510, 520, 523, 551, 597, 609, 610, 622, 631, 633, 645, 687, 704, 765, 1064, 1214, 1478, 1493, 1502, 1513, 1540, 1614, 1676, 1820, 1837, 1841, 1861, 1908, 1919, 1922, 1928, 1982, 2101, 2109, 2114, 2117, 2120, 2137, 2212, 2272, 2407, 2435, 2441, 2474, 2479, 2586, 2597, 2684]",0.000036,-0.134300,0.282228,-0.025614,0.220703,-0.172171,0.056722,-0.342297,0.146080,-0.279301
169,"[15, 38, 59, 125, 162, 190, 195, 201, 213, 336, 403, 448, 496, 510, 520, 523, 551, 597, 609, 610, 620, 622, 633, 645, 687, 703, 704, 765, 1064, 1214, 1478, 1493, 1502, 1540, 1614, 1676, 1820, 1837, 1841, 1861, 1908, 1919, 1922, 1928, 1982, 2101, 2109, 2114, 2117, 2120, 2137, 2142, 2212, 2272, 2407, 2435, 2441, 2474, 2479, 2586, 2597, 2684]",0.000037,-0.110467,0.270697,-0.065424,0.235363,-0.117180,0.053467,-0.380034,0.153034,-0.244990
170,"[3, 31, 32, 67, 111, 120, 132, 290, 414, 543, 553, 555, 665, 724, 964, 977, 988, 1083, 1159, 1171, 1178, 1187, 1190, 1273, 1275, 1277, 1364, 1458, 1461, 1538, 1595, 1630, 1680, 1708, 1729, 1776, 1817, 1833, 1839, 1846, 1875, 1904, 1924, 1925, 1926, 1981, 1984, 2134, 2135, 2136, 2259, 2265, 2275, 2277, 2278, 2304, 2315, 2317, 2320, 2395, 2396, 2423, 2424, 2434, 2438, 2460, 2641, 2721, 2834, 2895]",0.000035,-0.161594,0.268273,-0.073793,0.227088,-0.148221,0.076023,-0.118488,0.177170,-0.125911
171,"[3, 31, 32, 67, 111, 120, 132, 414, 543, 553, 555, 665, 724, 964, 977, 988, 1083, 1159, 1171, 1178, 1187, 1190, 1273, 1275, 1277, 1364, 1458, 1461, 1538, 1595, 1630, 1680, 1708, 1729, 1776, 1817, 1833, 1839, 1846, 1849, 1875, 1904, 1924, 1925, 1926, 1981, 1984, 2134, 2135, 2136, 2207, 2259, 2265, 2277, 2278, 2304, 2315, 2317, 2320, 2389, 2395, 2396, 2423, 2424, 2434, 2438, 2460, 2641, 2721, 2834, 2895]",0.000033,-0.202254,0.257372,-0.111429,0.225535,-0.154046,0.083456,-0.032304,0.169470,-0.163900
172,"[3, 31, 32, 67, 111, 120, 132, 290, 414, 543, 553, 555, 665, 724, 964, 977, 988, 1083, 1159, 1178, 1187, 1190, 1275, 1277, 1364, 1458, 1461, 1538, 1595, 1630, 1680, 1708, 1729, 1776, 1817, 1833, 1839, 1846, 1849, 1875, 1904, 1924, 1925, 1926, 1981, 1984, 2134, 2135, 2136, 2207, 2259, 2265, 2275, 2277, 2278, 2304, 2315, 2317, 2320, 2389, 2395, 2396, 2423, 2424, 2434, 2438, 2460, 2641, 2721, 2834, 2895]",0.000034,-0.169887,0.258021,-0.109187,0.220987,-0.171104,0.078354,-0.091464,0.167879,-0.171749
173,"[3, 31, 32, 67, 111, 120, 132, 290, 414, 543, 553, 665, 724, 964, 977, 988, 1083, 1159, 1171, 1178, 1187, 1190, 1273, 1275, 1277, 1364, 1458, 1461, 1538, 1595, 1630, 1680, 1708, 1776, 1817, 1833, 1839, 1846, 1849, 1875, 1904, 1924, 1925, 1926, 1981, 1984, 2134, 2135, 2136, 2207, 2259, 2265, 2275, 2277, 2278, 2304, 2315, 2317, 2320, 2389, 2396, 2423, 2424, 2434, 2438, 2460, 2641, 2721, 2834, 2895]",0.000033,-0.191465,0.258365,-0.107999,0.221745,-0.168260,0.079415,-0.079168,0.177122,-0.126152
174,"[3, 31, 32, 67, 111, 120, 132, 290, 414, 543, 553, 555, 665, 724, 964, 977, 988, 1083, 1159, 1171, 1178, 1187, 1190, 1273, 1275, 1277, 1364, 1458, 1461, 1538, 1595, 1630, 1680, 1708, 1729, 1776, 1817, 1833, 1839, 1849, 1875, 1924, 1925, 1926, 1981, 1984, 2134, 2135, 2136, 2207, 2259, 2265, 2275, 2277, 2278, 2304, 2315, 2317, 2320, 2389, 2395, 2396, 2423, 2424, 2434, 2438, 2460, 2641, 2721, 2834, 2895]",0.000034,-0.187037,0.265141,-0.084607,0.214072,-0.197042,0.077244,-0.104340,0.166832,-0.176918
175,"[90, 168, 289, 316, 330, 368, 446, 451, 458, 621, 686, 752, 864, 918, 925, 967, 1022, 1030, 1073, 1088, 1090, 1157, 1183, 1184, 1224, 1266, 1269, 1282, 1295, 1307, 1326, 1358, 1374, 1411, 1443, 1468, 1489, 1497, 1528, 1587, 1588, 1589, 1592, 1597, 1602, 1606, 1613, 1618, 1638, 1657, 1661, 1662, 1666, 1718, 2058, 2173, 2194, 2225, 2229, 2236, 2237, 2248, 2280, 2466, 2526, 2539, 2546, 2548, 2634, 2687, 2830, 2883]",0.000038,-0.072866,0.279388,-0.035418,0.258047,-0.032098,0.116735,0.353575,0.211154,0.041751
176,"[90, 168, 289, 316, 330, 368, 446, 451, 458, 621, 686, 864, 918, 925, 967, 1022, 1030, 1073, 1088, 1090, 1157, 1183, 1184, 1224, 1266, 1269, 1282, 1295, 1307, 1326, 1358, 1374, 1411, 1443, 1468, 1489, 1497, 1528, 1587, 1588, 1592, 1597, 1602, 1606, 1613, 1618, 1638, 1646, 1657, 1659, 1661, 1662, 1666, 1718, 2173, 2194, 2225, 2229, 2236, 2237, 2248, 2280, 2466, 2526, 2539, 2546, 2548, 2634, 2687, 2830, 2883]",0.000039,-0.055556,0.279600,-0.034687,0.253162,-0.050421,0.106778,0.238119,0.205145,0.012103
177,"[90, 168, 289, 316, 330, 368, 446, 451, 458, 621, 686, 752, 864, 918, 925, 967, 1022, 1030, 1088, 1090, 1157, 1183, 1184, 1266, 1269, 1282, 1295, 1307, 1326, 1358, 1374, 1411, 1443, 1468, 1489, 1497, 1528, 1587, 1588, 1592, 1597, 1602, 1613, 1618, 1638, 1646, 1657, 1659, 1661, 1662, 1666, 1718, 2058, 2173, 2194, 2225, 2229, 2236, 2237, 2248, 2280, 2466, 2526, 2539, 2546, 2548, 2634, 2687, 2830, 2883]",0.000037,-0.098792,0.271392,-0.063027,0.253698,-0.048409,0.110568,0.282065,0.208461,0.028467
178,"[168, 289, 316, 330, 368, 446, 451, 458, 621, 686, 752, 864, 918, 925, 1022, 1030, 1073, 1088, 1090, 1157, 1183, 1184, 1224, 1266, 1269, 1282, 1295, 1307, 1326, 1358, 1374, 1411, 1443, 1468, 1489, 1497, 1528, 1587, 1588, 1589, 1592, 1597, 1602, 1606, 1613, 1618, 1638, 1646, 1657, 1659, 1661, 1662, 1666, 1718, 2058, 2173, 2194, 2225, 2229, 2236, 2237, 2280, 2466, 2526, 2539, 2546, 2548, 2634, 2687, 2830, 2883]",0.000038,-0.083575,0.277560,-0.041729,0.258606,-0.030000,0.113785,0.319369,0.212566,0.048719
179,"[90, 168, 289, 316, 330, 368, 446, 451, 458, 621, 686, 864, 918, 925, 967, 1022, 1030, 1073, 1088, 1090, 1157, 1183, 1184, 1224, 1266, 1269, 1282, 1295, 1307, 1326, 1358, 1374, 1411, 1443, 1468, 1489, 1497, 1528, 1587, 1588, 1589, 1592, 1597, 1602, 1606, 1613, 1618, 1638, 1646, 1657, 1659, 1661, 1662, 1666, 1718, 2058, 2173, 2194, 2225, 2229, 2236, 2237, 2248, 2280, 2466, 2539, 2546, 2548, 2634, 2687, 2830, 2883]",0.000038,-0.075765,0.275326,-0.049444,0.257673,-0.033500,0.110570,0.282092,0.206293,0.017767
180,"[109, 230, 286, 328, 341, 411, 462, 474, 486, 490, 533, 562, 656, 716, 726, 735, 823, 833, 865, 892, 1137, 1201, 1205, 1206, 1245, 1250, 1479, 1490, 1494, 1624, 1631, 1654, 1671, 1755, 2062, 2103, 2110, 2111, 2119, 2126, 2133, 2201, 2202, 2203, 2205, 2206, 2234, 2284, 2290, 2329, 2331, 2419, 2420, 2422, 2427, 2445, 2511, 2522, 2584, 2621, 2638, 2651, 2667, 2761, 2793, 2807, 2859, 2871, 2879]",0.000036,-0.121659,0.283557,-0.021025,0.224703,-0.157165,0.079276,-0.080768,0.170595,-0.158352
181,"[109, 230, 286, 328, 341, 411, 462, 474, 486, 490, 533, 562, 656, 716, 726, 735, 823, 833, 865, 892, 1137, 1201, 1205, 1206, 1245, 1250, 1479, 1490, 1494, 1624, 1631, 1654, 1671, 1755, 2062, 2103, 2110, 2111, 2119, 2126, 2133, 2201, 2202, 2203, 2205, 2206, 2234, 2284, 2290, 2329, 2331, 2419, 2420, 2422, 2427, 2445, 2511, 2522, 2584, 2621, 2638, 2651, 2667, 2761, 2793, 2807, 2859, 2871, 2879]",0.000036,-0.134702,0.283581,-0.020943,0.230165,-0.136679,0.072526,-0.159043,0.176642,-0.128516
182,"[109, 230, 286, 328, 341, 411, 462, 474, 486, 490, 533, 562, 656, 716, 726, 735, 823, 833, 865, 892, 1137, 1201, 1205, 1206, 1245, 1250, 1479, 1490, 1494, 1624, 1631, 1654, 1671, 1755, 2062, 2103, 2110, 2111, 2119, 2126, 2133, 2201, 2202, 2203, 2205, 2206, 2234, 2284, 2290, 2329, 2331, 2419, 2420, 2422, 2427, 2445, 2511, 2522, 2584, 2621, 2638, 2651, 2667, 2761, 2793, 2807, 2859, 2871, 2879]",0.000036,-0.116828,0.283614,-0.020829,0.241436,-0.094401,0.073872,-0.143438,0.179843,-0.112727
183,"[109, 230, 286, 328, 341, 411, 462, 474, 486, 490, 533, 562, 656, 716, 726, 735, 823, 833, 865, 892, 1137, 1201, 1205, 1206, 1245, 1250, 1479, 1490, 1494, 1624, 1631, 1654, 1671, 1755, 2062, 2103, 2110, 2111, 2119, 2126, 2133, 2201, 2202, 2203, 2205, 2206, 2234, 2284, 2290, 2329, 2331, 2419, 2420, 2422, 2427, 2445, 2511, 2522, 2584, 2621, 2638, 2651, 2667, 2761, 2793, 2807, 2859, 2871, 2879]",0.000037,-0.098309,0.266306,-0.080584,0.244716,-0.082100,0.081442,-0.055662,0.189173,-0.066695
184,"[109, 230, 286, 328, 341, 411, 462, 474, 486, 490, 533, 562, 656, 716, 726, 735, 823, 833, 865, 892, 1137, 1201, 1205, 1206, 1245, 1250, 1479, 1490, 1494, 1624, 1631, 1654, 1671, 1755, 2062, 2103, 2110, 2111, 2119, 2126, 2133, 2201, 2202, 2203, 2205, 2206, 2234, 2284, 2290, 2329, 2331, 2419, 2420, 2422, 2427, 2445, 2511, 2522, 2584, 2621, 2638, 2651, 2667, 2761, 2793, 2807, 2859, 2871, 2879]",0.000036,-0.137118,0.283586,-0.020924,0.234371,-0.120903,0.078685,-0.087632,0.177002,-0.126741
185,"[65, 288, 322, 418, 431, 436, 449, 463, 465, 504, 559, 740, 748, 775, 909, 1031, 1132, 1143, 1151, 1156, 1207, 1241, 1260, 1337, 1338, 1368, 1465, 1596, 1616, 1636, 1645, 1647, 1672, 1694, 1698, 1771, 1801, 1802, 1823, 1834, 2047, 2159, 2219, 2238, 2251, 2267, 2270, 2296, 2305, 2332, 2453, 2459, 2513, 2516, 2565, 2596, 2627, 2664, 2686, 2820, 2884, 2938, 2940]",0.000037,-0.105878,0.290039,0.001354,0.244174,-0.084133,0.084687,-0.018030,0.195571,-0.035129
186,"[65, 288, 322, 418, 420, 431, 436, 447, 449, 465, 504, 530, 554, 559, 740, 748, 775, 914, 1031, 1132, 1143, 1151, 1156, 1241, 1246, 1260, 1337, 1338, 1368, 1616, 1636, 1645, 1647, 1672, 1694, 1698, 1754, 1771, 1801, 1823, 1973, 2047, 2221, 2240, 2251, 2267, 2269, 2270, 2296, 2305, 2415, 2453, 2459, 2513, 2516, 2549, 2565, 2627, 2664, 2686, 2691, 2820, 2884, 2938, 2940]",0.000036,-0.127617,0.298775,0.031516,0.239162,-0.102933,0.084268,-0.022885,0.197891,-0.023683
187,"[65, 288, 322, 418, 420, 436, 447, 463, 465, 554, 740, 775, 909, 914, 1031, 1143, 1151, 1156, 1165, 1207, 1241, 1246, 1260, 1338, 1368, 1465, 1596, 1636, 1645, 1647, 1672, 1698, 1771, 1801, 1802, 1823, 1834, 1973, 2047, 2159, 2219, 2221, 2226, 2240, 2251, 2267, 2269, 2270, 2296, 2305, 2322, 2415, 2459, 2510, 2513, 2516, 2596, 2627, 2664, 2686, 2691, 2820, 2940]",0.000036,-0.127697,0.294570,0.016998,0.240205,-0.099021,0.088960,0.031519,0.195025,-0.037825
188,"[65, 288, 322, 418, 420, 431, 436, 447, 449, 463, 465, 504, 530, 554, 740, 748, 775, 909, 1031, 1143, 1151, 1156, 1165, 1207, 1246, 1260, 1337, 1338, 1368, 1465, 1596, 1616, 1622, 1636, 1647, 1672, 1698, 1754, 1801, 1802, 1973, 2047, 2159, 2219, 2221, 2226, 2238, 2240, 2267, 2270, 2305, 2322, 2332, 2453, 2459, 2510, 2513, 2549, 2565, 2596, 2664, 2686, 2820, 2884, 2938]",0.000036,-0.133253,0.284778,-0.016809,0.244747,-0.081983,0.076683,-0.110843,0.204385,0.008354
189,"[65, 322, 418, 431, 447, 449, 463, 465, 554, 559, 740, 748, 775, 909, 914, 1132, 1143, 1151, 1156, 1165, 1207, 1241, 1246, 1260, 1337, 1338, 1465, 1596, 1622, 1636, 1645, 1647, 1694, 1698, 1754, 1771, 1802, 1823, 1834, 1973, 2047, 2159, 2219, 2221, 2238, 2240, 2251, 2269, 2270, 2296, 2305, 2332, 2415, 2453, 2459, 2513, 2549, 2565, 2596, 2627, 2686, 2691, 2884, 2938, 2940]",0.000036,-0.119485,0.286690,-0.010210,0.257991,-0.032308,0.085775,-0.005414,0.211405,0.042987
190,"[10, 83, 231, 428, 452, 476, 492, 538, 549, 552, 558, 561, 563, 614, 650, 679, 698, 701, 710, 739, 768, 796, 803, 904, 1142, 1168, 1203, 1249, 1296, 1452, 1460, 1469, 1531, 1815, 1822, 1824, 1836, 1897, 1910, 2036, 2046, 2108, 2124, 2139, 2242, 2243, 2286, 2323, 2333, 2393, 2404, 2436, 2439, 2450, 2461, 2465, 2475, 2478, 2492, 2521, 2525, 2530, 2598, 2600, 2615, 2626, 2668, 2674, 2755, 2836]",0.000038,-0.078744,0.261842,-0.095995,0.253238,-0.050133,0.108428,0.257248,0.196553,-0.030286
191,"[10, 83, 228, 231, 428, 452, 476, 492, 538, 549, 552, 558, 561, 563, 614, 650, 679, 698, 701, 739, 768, 803, 904, 1142, 1168, 1203, 1249, 1296, 1452, 1460, 1469, 1531, 1815, 1822, 1824, 1836, 1897, 1910, 2036, 2108, 2121, 2123, 2124, 2139, 2242, 2243, 2286, 2323, 2333, 2393, 2404, 2436, 2450, 2461, 2465, 2475, 2478, 2492, 2521, 2525, 2530, 2598, 2600, 2615, 2626, 2668, 2674, 2755, 2836]",0.000039,-0.048953,0.281183,-0.029222,0.251689,-0.055944,0.091128,0.056654,0.216733,0.069277
192,"[10, 83, 228, 231, 428, 452, 476, 492, 538, 549, 552, 558, 561, 563, 614, 650, 679, 698, 701, 710, 739, 768, 796, 803, 904, 1142, 1168, 1203, 1249, 1296, 1452, 1460, 1531, 1822, 1824, 1836, 1897, 1910, 2036, 2046, 2108, 2121, 2124, 2139, 2242, 2243, 2286, 2333, 2393, 2404, 2439, 2450, 2461, 2465, 2475, 2478, 2492, 2521, 2525, 2530, 2598, 2600, 2615, 2626, 2668, 2674, 2755, 2836]",0.000039,-0.065056,0.267926,-0.074992,0.252737,-0.052014,0.101004,0.171168,0.201730,-0.004744
193,"[10, 83, 231, 428, 452, 476, 538, 549, 552, 558, 561, 563, 614, 650, 679, 698, 701, 710, 739, 768, 796, 803, 904, 1142, 1168, 1203, 1249, 1296, 1452, 1460, 1469, 1531, 1815, 1822, 1824, 1836, 1910, 2036, 2108, 2121, 2123, 2124, 2139, 2242, 2286, 2323, 2333, 2393, 2436, 2439, 2450, 2461, 2465, 2475, 2478, 2492, 2521, 2525, 2530, 2598, 2600, 2615, 2626, 2668, 2674, 2755, 2836]",0.000039,-0.065942,0.270372,-0.066548,0.253248,-0.050097,0.104545,0.212232,0.205694,0.014812
194,"[10, 83, 228, 231, 428, 452, 476, 492, 538, 549, 552, 558, 561, 563, 614, 650, 679, 698, 701, 710, 739, 768, 796, 803, 904, 1168, 1203, 1249, 1296, 1452, 1460, 1469, 1531, 1815, 1822, 1824, 1836, 1897, 1910, 2036, 2046, 2108, 2123, 2124, 2139, 2242, 2243, 2286, 2323, 2333, 2393, 2404, 2436, 2439, 2450, 2461, 2465, 2475, 2478, 2492, 2521, 2525, 2530, 2598, 2600, 2615, 2668, 2674, 2755, 2836]",0.000038,-0.085427,0.264381,-0.087232,0.250483,-0.060469,0.113496,0.316016,0.208420,0.028261
195,"[4, 86, 88, 115, 218, 338, 479, 591, 663, 810, 835, 844, 848, 1162, 1194, 1215, 1240, 1264, 1283, 1300, 1435, 1472, 1566, 1650, 1693, 1697, 1716, 1725, 1756, 1763, 1773, 1782, 1814, 1827, 1832, 1842, 1845, 1868, 1895, 1896, 1898, 1899, 1915, 1997, 2087, 2197, 2246, 2262, 2264, 2273, 2283, 2293, 2294, 2311, 2312, 2314, 2321, 2325, 2328, 2410, 2506, 2566, 2652, 2663, 2683, 2694, 2744, 2829, 2846]",0.000040,-0.037037,0.283380,-0.021637,0.264624,-0.007426,0.097284,0.128037,0.211572,0.043815
196,"[4, 86, 88, 115, 218, 338, 479, 591, 663, 810, 835, 844, 848, 1162, 1194, 1215, 1240, 1264, 1283, 1300, 1435, 1472, 1566, 1650, 1693, 1697, 1716, 1717, 1725, 1756, 1763, 1773, 1782, 1806, 1814, 1827, 1832, 1842, 1845, 1868, 1895, 1896, 1898, 1899, 1915, 1997, 2087, 2197, 2246, 2262, 2264, 2273, 2283, 2293, 2294, 2311, 2312, 2314, 2321, 2325, 2328, 2410, 2506, 2566, 2663, 2683, 2694, 2744, 2829, 2846]",0.000039,-0.055958,0.287718,-0.006661,0.268291,0.006327,0.095467,0.106968,0.224488,0.107533
197,"[4, 86, 88, 115, 218, 338, 479, 591, 663, 810, 835, 844, 848, 1162, 1194, 1215, 1240, 1264, 1283, 1300, 1435, 1472, 1566, 1650, 1693, 1697, 1716, 1717, 1725, 1756, 1763, 1773, 1782, 1806, 1814, 1827, 1832, 1842, 1845, 1895, 1896, 1898, 1899, 1915, 1997, 2087, 2197, 2246, 2262, 2264, 2273, 2283, 2293, 2294, 2311, 2312, 2314, 2321, 2325, 2328, 2410, 2506, 2566, 2652, 2663, 2683, 2694, 2744, 2829, 2846]",0.000039,-0.056361,0.291511,0.006435,0.263913,-0.010093,0.105359,0.221663,0.220045,0.085614
198,"[4, 86, 88, 115, 218, 338, 479, 591, 663, 810, 835, 844, 848, 1162, 1194, 1215, 1240, 1264, 1283, 1300, 1435, 1472, 1566, 1693, 1697, 1716, 1717, 1725, 1756, 1763, 1773, 1782, 1806, 1814, 1827, 1832, 1842, 1845, 1868, 1895, 1896, 1898, 1899, 1915, 1997, 2087, 2197, 2246, 2262, 2264, 2273, 2283, 2293, 2294, 2311, 2312, 2314, 2321, 2325, 2328, 2410, 2506, 2566, 2652, 2663, 2683, 2694, 2744, 2829, 2846]",0.000039,-0.044686,0.286517,-0.010807,0.268014,0.005287,0.114800,0.331141,0.233915,0.154045
199,"[4, 86, 88, 115, 218, 338, 479, 591, 663, 810, 835, 844, 848, 1162, 1194, 1215, 1240, 1264, 1283, 1300, 1435, 1472, 1566, 1693, 1697, 1716, 1717, 1725, 1756, 1763, 1773, 1782, 1806, 1814, 1827, 1832, 1842, 1845, 1868, 1895, 1896, 1898, 1899, 1915, 1997, 2087, 2197, 2246, 2262, 2264, 2273, 2283, 2293, 2294, 2311, 2312, 2314, 2321, 2325, 2328, 2410, 2506, 2566, 2652, 2663, 2683, 2694, 2744, 2829, 2846]",0.000039,-0.043237,0.289975,0.001134,0.259554,-0.026442,0.099631,0.155245,0.219219,0.081542
200,"[234, 321, 325, 332, 385, 405, 407, 477, 531, 635, 636, 780, 900, 912, 937, 1123, 1193, 1195, 1219, 1248, 1253, 1292, 1297, 1313, 1343, 1349, 1351, 1377, 1378, 1380, 1387, 1391, 1395, 1397, 1434, 1608, 1610, 1625, 1632, 1633, 1634, 1639, 1656, 1663, 1679, 1709, 1722, 1731, 1736, 1745, 1751, 2250, 2308, 2493, 2520, 2540, 2547, 2553, 2574, 2582, 2605, 2624, 2681, 2759, 2768, 2802, 2803, 2808, 2810, 2812, 2813, 2816]",0.000040,-0.028663,0.293263,0.012483,0.266849,0.000919,0.099630,0.155241,0.199384,-0.016316
201,"[98, 234, 317, 320, 325, 326, 405, 412, 456, 635, 900, 912, 946, 1123, 1193, 1219, 1222, 1223, 1248, 1292, 1308, 1318, 1328, 1342, 1343, 1349, 1351, 1362, 1367, 1377, 1380, 1387, 1391, 1397, 1434, 1437, 1586, 1608, 1619, 1625, 1632, 1633, 1634, 1639, 1679, 1709, 1713, 1714, 1731, 1736, 1745, 1748, 1752, 1757, 2180, 2181, 2191, 2308, 2520, 2540, 2574, 2582, 2605, 2624, 2656, 2707, 2766, 2767, 2768, 2770, 2802, 2813, 2827]",0.000041,-0.014171,0.294599,0.017096,0.271992,0.020211,0.097730,0.133208,0.213380,0.052733
202,"[98, 317, 325, 332, 384, 385, 405, 407, 456, 477, 531, 635, 636, 780, 832, 902, 912, 916, 946, 1123, 1193, 1195, 1222, 1248, 1253, 1292, 1297, 1308, 1313, 1342, 1349, 1367, 1377, 1380, 1387, 1391, 1441, 1586, 1610, 1625, 1632, 1633, 1656, 1669, 1679, 1709, 1713, 1731, 1735, 1736, 1751, 2171, 2187, 2222, 2520, 2540, 2543, 2547, 2553, 2581, 2582, 2605, 2624, 2656, 2707, 2759, 2766, 2768, 2803, 2808, 2810, 2812, 2816, 2827]",0.000040,-0.039936,0.291360,0.005915,0.264718,-0.007076,0.102838,0.192429,0.207961,0.025995
203,"[98, 317, 320, 325, 326, 384, 405, 531, 635, 832, 902, 916, 937, 1123, 1193, 1195, 1219, 1222, 1253, 1297, 1308, 1313, 1318, 1327, 1328, 1343, 1349, 1362, 1367, 1378, 1380, 1387, 1391, 1395, 1397, 1433, 1586, 1608, 1610, 1619, 1632, 1634, 1639, 1653, 1663, 1679, 1709, 1714, 1722, 1735, 1736, 1748, 1751, 1765, 2171, 2191, 2222, 2250, 2261, 2493, 2543, 2547, 2574, 2582, 2612, 2624, 2759, 2770, 2802, 2803, 2813, 2827]",0.000040,-0.032206,0.295153,0.019010,0.261290,-0.019932,0.094066,0.090718,0.206973,0.021124
204,"[98, 222, 234, 320, 325, 326, 332, 384, 385, 405, 407, 456, 531, 780, 902, 916, 937, 1222, 1223, 1248, 1297, 1308, 1318, 1328, 1342, 1343, 1362, 1367, 1377, 1378, 1391, 1395, 1397, 1433, 1434, 1437, 1441, 1586, 1605, 1608, 1610, 1619, 1632, 1634, 1669, 1674, 1678, 1679, 1714, 1722, 1735, 1748, 1751, 1752, 1757, 1765, 2171, 2187, 2250, 2261, 2308, 2493, 2540, 2574, 2582, 2605, 2612, 2624, 2707, 2766, 2770, 2802, 2803, 2808, 2813, 2816, 2827]",0.000040,-0.020531,0.306903,0.059575,0.265073,-0.005743,0.105019,0.217718,0.222743,0.098925
205,"[92, 318, 319, 329, 382, 480, 717, 731, 788, 807, 842, 846, 876, 910, 1167, 1221, 1259, 1268, 1270, 1272, 1293, 1310, 1311, 1312, 1336, 1341, 1346, 1350, 1352, 1359, 1360, 1376, 1382, 1385, 1388, 1417, 1428, 1607, 1667, 1675, 1710, 1737, 1871, 1889, 1891, 2092, 2093, 2102, 2300, 2301, 2449, 2481, 2558, 2572, 2573, 2575, 2577, 2604, 2609, 2611, 2619, 2685, 2696, 2704, 2764, 2797, 2801, 2815, 2841]",0.000039,-0.060064,0.294874,0.018048,0.264850,-0.006580,0.098009,0.136435,0.216687,0.069047
206,"[92, 318, 319, 329, 382, 480, 717, 731, 788, 807, 842, 846, 876, 910, 1167, 1221, 1259, 1268, 1270, 1272, 1293, 1310, 1311, 1312, 1336, 1341, 1346, 1350, 1352, 1359, 1360, 1376, 1382, 1385, 1388, 1417, 1428, 1667, 1675, 1710, 1737, 1871, 1889, 1891, 2092, 2093, 2102, 2300, 2301, 2449, 2480, 2481, 2558, 2572, 2573, 2575, 2577, 2604, 2609, 2611, 2685, 2696, 2764, 2765, 2797, 2799, 2801, 2815, 2841]",0.000040,-0.035507,0.290574,0.003201,0.276140,0.035768,0.098385,0.140797,0.214621,0.058856
207,"[92, 318, 319, 329, 382, 480, 717, 731, 788, 807, 842, 876, 910, 1221, 1259, 1268, 1270, 1272, 1293, 1310, 1311, 1312, 1336, 1341, 1346, 1350, 1352, 1359, 1360, 1376, 1382, 1385, 1388, 1417, 1428, 1607, 1667, 1675, 1710, 1737, 1871, 1889, 2092, 2093, 2102, 2300, 2301, 2449, 2480, 2481, 2558, 2572, 2573, 2575, 2577, 2604, 2609, 2611, 2619, 2685, 2696, 2704, 2764, 2765, 2797, 2799, 2801, 2815, 2841]",0.000040,-0.030596,0.291587,0.006697,0.267980,0.005160,0.103823,0.203857,0.218222,0.076621
208,"[92, 318, 319, 329, 382, 480, 717, 731, 788, 807, 842, 846, 876, 910, 1167, 1221, 1259, 1268, 1270, 1293, 1310, 1311, 1312, 1336, 1341, 1346, 1350, 1352, 1359, 1360, 1376, 1382, 1385, 1388, 1417, 1428, 1667, 1675, 1710, 1737, 1871, 1889, 1891, 2092, 2093, 2102, 2300, 2301, 2449, 2480, 2481, 2558, 2572, 2573, 2575, 2577, 2609, 2611, 2619, 2685, 2696, 2704, 2764, 2765, 2797, 2799, 2801, 2815, 2841]",0.000041,-0.015217,0.294653,0.017282,0.261521,-0.019066,0.096536,0.119360,0.207675,0.024584
209,"[92, 318, 319, 329, 382, 480, 717, 731, 788, 807, 842, 846, 876, 910, 1167, 1221, 1259, 1268, 1270, 1272, 1293, 1310, 1311, 1312, 1336, 1341, 1346, 1350, 1352, 1359, 1360, 1376, 1382, 1385, 1388, 1417, 1428, 1607, 1667, 1675, 1710, 1737, 1871, 1889, 1891, 2092, 2093, 2102, 2300, 2301, 2449, 2480, 2481, 2558, 2573, 2575, 2577, 2604, 2609, 2611, 2619, 2696, 2764, 2765, 2797, 2799, 2801, 2815, 2841]",0.000040,-0.021498,0.297129,0.025832,0.261723,-0.018310,0.098228,0.138981,0.200752,-0.009569
210,"[100, 104, 107, 224, 304, 323, 457, 741, 787, 861, 880, 913, 929, 935, 986, 987, 1033, 1170, 1217, 1252, 1288, 1345, 1431, 1440, 1446, 1448, 1591, 1685, 1702, 1719, 1720, 1740, 2031, 2158, 2165, 2168, 2172, 2176, 2192, 2231, 2249, 2455, 2537, 2541, 2552, 2571, 2616, 2637, 2646, 2658, 2669, 2677, 2695, 2699, 2709, 2763, 2794, 2821, 2875, 2897]",0.000040,-0.034058,0.294122,0.015451,0.259930,-0.025034,0.090952,0.054617,0.211286,0.042403
211,"[93, 100, 107, 323, 457, 787, 804, 861, 880, 913, 929, 935, 1033, 1170, 1217, 1252, 1288, 1298, 1345, 1431, 1440, 1446, 1473, 1591, 1673, 1685, 1719, 1740, 1913, 2031, 2158, 2160, 2168, 2172, 2176, 2227, 2249, 2455, 2537, 2541, 2552, 2610, 2614, 2637, 2649, 2657, 2658, 2669, 2677, 2699, 2709, 2727, 2763, 2794, 2874, 2875, 2887, 2897]",0.000040,-0.028261,0.289899,0.000869,0.266211,-0.001474,0.091051,0.055756,0.215097,0.061203
212,"[93, 100, 104, 107, 323, 457, 741, 747, 787, 861, 880, 913, 929, 986, 987, 1033, 1170, 1217, 1252, 1288, 1298, 1431, 1440, 1448, 1473, 1673, 1685, 1702, 1719, 1720, 1740, 1913, 2031, 2158, 2165, 2168, 2169, 2172, 2176, 2192, 2231, 2249, 2455, 2537, 2541, 2552, 2571, 2610, 2614, 2637, 2646, 2649, 2658, 2695, 2709, 2763, 2794, 2821, 2875, 2887, 2897]",0.000040,-0.031401,0.290434,0.002718,0.268203,0.005997,0.089185,0.034122,0.212358,0.047692
213,"[93, 104, 107, 224, 304, 741, 747, 787, 804, 929, 935, 986, 987, 1033, 1170, 1217, 1288, 1298, 1345, 1431, 1440, 1446, 1448, 1473, 1591, 1673, 1685, 1720, 1740, 1913, 2031, 2152, 2158, 2165, 2168, 2169, 2172, 2175, 2227, 2231, 2249, 2455, 2537, 2552, 2610, 2614, 2616, 2637, 2646, 2649, 2657, 2658, 2669, 2677, 2695, 2709, 2727, 2763, 2874, 2875, 2887, 2897]",0.000041,-0.009018,0.289962,0.001089,0.271028,0.016594,0.095474,0.107042,0.220020,0.085492
214,"[93, 100, 104, 107, 224, 304, 323, 457, 741, 861, 880, 913, 929, 935, 986, 1170, 1217, 1252, 1298, 1345, 1431, 1440, 1446, 1448, 1473, 1673, 1685, 1702, 1719, 2031, 2152, 2158, 2160, 2168, 2169, 2176, 2192, 2227, 2231, 2455, 2537, 2541, 2552, 2571, 2610, 2614, 2616, 2646, 2649, 2658, 2669, 2677, 2695, 2699, 2709, 2727, 2763, 2794, 2821, 2874, 2897]",0.000040,-0.019807,0.289900,0.000873,0.268568,0.007365,0.094668,0.097698,0.218119,0.076112
215,"[0, 105, 117, 227, 324, 327, 406, 410, 413, 471, 911, 933, 945, 979, 1032, 1144, 1145, 1166, 1169, 1218, 1271, 1286, 1340, 1357, 1363, 1386, 1394, 1396, 1398, 1416, 1430, 1439, 1590, 1637, 1660, 1664, 1701, 1711, 1715, 1733, 1734, 1744, 1762, 1769, 1805, 2166, 2174, 2307, 2501, 2507, 2517, 2551, 2579, 2599, 2602, 2603, 2756, 2757, 2762, 2800, 2811, 2814, 2817, 2825, 2876, 2880]",0.000042,0.006200,0.289872,0.000779,0.275177,0.032158,0.105863,0.227509,0.222289,0.096684
216,"[0, 105, 117, 227, 324, 327, 406, 410, 413, 471, 911, 933, 945, 979, 1032, 1144, 1145, 1166, 1169, 1218, 1271, 1340, 1356, 1357, 1363, 1386, 1394, 1396, 1398, 1416, 1430, 1590, 1637, 1660, 1664, 1701, 1711, 1715, 1733, 1734, 1738, 1744, 1769, 1805, 2166, 2174, 2307, 2341, 2501, 2507, 2517, 2551, 2579, 2599, 2602, 2603, 2622, 2756, 2757, 2762, 2800, 2811, 2814, 2817, 2825, 2876, 2880]",0.000040,-0.027295,0.284920,-0.016321,0.268918,0.008677,0.094796,0.099186,0.215010,0.060775
217,"[0, 105, 117, 227, 327, 406, 410, 413, 471, 911, 933, 945, 979, 1032, 1144, 1145, 1166, 1169, 1218, 1340, 1356, 1357, 1363, 1386, 1394, 1396, 1398, 1416, 1439, 1590, 1637, 1660, 1664, 1701, 1711, 1715, 1733, 1734, 1738, 1744, 1762, 1769, 1805, 2166, 2174, 2307, 2341, 2501, 2507, 2517, 2551, 2579, 2599, 2602, 2603, 2622, 2756, 2757, 2762, 2811, 2814, 2817, 2825, 2876, 2880]",0.000041,-0.008132,0.292782,0.010823,0.267783,0.004422,0.093252,0.081283,0.208174,0.027048
218,"[0, 105, 117, 227, 324, 327, 410, 413, 471, 911, 933, 945, 979, 1032, 1144, 1145, 1166, 1169, 1218, 1271, 1286, 1340, 1356, 1357, 1394, 1396, 1398, 1416, 1430, 1590, 1637, 1660, 1664, 1701, 1711, 1715, 1733, 1734, 1738, 1744, 1762, 1769, 1805, 2166, 2174, 2307, 2341, 2501, 2507, 2517, 2551, 2579, 2599, 2602, 2603, 2622, 2756, 2757, 2762, 2800, 2811, 2814, 2817, 2825, 2876, 2880]",0.000040,-0.029791,0.292710,0.010575,0.258223,-0.031438,0.095258,0.104540,0.217447,0.072797
219,"[0, 105, 117, 227, 324, 406, 410, 413, 471, 911, 933, 945, 979, 1032, 1144, 1145, 1166, 1169, 1218, 1286, 1340, 1356, 1357, 1363, 1386, 1394, 1398, 1416, 1430, 1439, 1590, 1637, 1660, 1664, 1701, 1711, 1715, 1733, 1738, 1744, 1762, 1769, 1805, 2166, 2174, 2307, 2341, 2507, 2517, 2551, 2579, 2599, 2602, 2603, 2622, 2756, 2757, 2762, 2800, 2811, 2814, 2817, 2825, 2876, 2880]",0.000041,-0.008374,0.298264,0.029750,0.268110,0.005650,0.095742,0.110151,0.209976,0.035937
220,"[91, 97, 99, 102, 114, 229, 469, 472, 583, 753, 774, 795, 811, 812, 821, 894, 905, 971, 1135, 1314, 1450, 1700, 1705, 1739, 1741, 1742, 1758, 1764, 1768, 1770, 1774, 1803, 1811, 1826, 1828, 1829, 1874, 1887, 1888, 1958, 1959, 1994, 2024, 2032, 2190, 2193, 2218, 2235, 2302, 2319, 2326, 2421, 2425, 2444, 2485, 2542, 2601, 2607, 2645, 2655, 2659, 2682, 2692, 2698, 2702, 2705, 2844, 2845, 2863, 2864]",0.000040,-0.040419,0.295233,0.019287,0.264973,-0.006119,0.083692,-0.029568,0.220460,0.087661
221,"[91, 97, 99, 102, 114, 229, 469, 472, 583, 753, 774, 795, 811, 812, 821, 894, 971, 1135, 1314, 1450, 1700, 1705, 1739, 1741, 1742, 1758, 1764, 1768, 1770, 1774, 1803, 1811, 1826, 1828, 1829, 1874, 1887, 1888, 1958, 1959, 1994, 2024, 2032, 2190, 2193, 2218, 2302, 2319, 2326, 2421, 2425, 2444, 2485, 2542, 2601, 2640, 2645, 2655, 2659, 2682, 2692, 2698, 2700, 2702, 2705, 2844, 2845, 2863, 2864]",0.000040,-0.026651,0.291275,0.005621,0.273232,0.024860,0.094498,0.095731,0.212624,0.049002
222,"[91, 97, 99, 102, 114, 229, 469, 472, 583, 753, 774, 795, 811, 812, 821, 894, 905, 971, 1135, 1314, 1450, 1700, 1705, 1739, 1741, 1742, 1758, 1764, 1768, 1774, 1803, 1811, 1826, 1828, 1829, 1874, 1887, 1888, 1958, 1959, 1994, 2024, 2032, 2190, 2193, 2218, 2235, 2302, 2319, 2326, 2421, 2425, 2444, 2485, 2542, 2601, 2607, 2640, 2645, 2655, 2682, 2692, 2698, 2700, 2702, 2705, 2844, 2845, 2863, 2864]",0.000040,-0.035427,0.290585,0.003238,0.261224,-0.020182,0.098710,0.144574,0.208721,0.029746
223,"[91, 97, 99, 102, 114, 229, 469, 472, 583, 753, 774, 795, 811, 812, 821, 905, 971, 1135, 1450, 1700, 1705, 1739, 1742, 1758, 1764, 1768, 1770, 1774, 1803, 1811, 1826, 1828, 1829, 1874, 1887, 1888, 1958, 1959, 1994, 2024, 2032, 2190, 2193, 2218, 2235, 2302, 2319, 2326, 2421, 2425, 2444, 2485, 2542, 2601, 2607, 2640, 2645, 2655, 2659, 2682, 2692, 2698, 2700, 2702, 2705, 2844, 2845, 2863, 2864]",0.000040,-0.031159,0.303893,0.049183,0.263760,-0.010667,0.086984,0.008605,0.211674,0.044315
224,"[97, 99, 102, 114, 229, 469, 472, 583, 753, 774, 795, 811, 812, 821, 894, 905, 971, 1135, 1314, 1450, 1705, 1739, 1741, 1742, 1758, 1764, 1768, 1770, 1774, 1803, 1811, 1826, 1828, 1829, 1874, 1887, 1888, 1958, 1959, 1994, 2024, 2032, 2190, 2193, 2218, 2235, 2302, 2319, 2326, 2421, 2425, 2444, 2485, 2542, 2601, 2607, 2640, 2645, 2655, 2659, 2682, 2692, 2698, 2700, 2702, 2705, 2844, 2845, 2863, 2864]",0.000040,-0.035105,0.293379,0.012884,0.267228,0.002340,0.088305,0.023920,0.211817,0.045022
225,"[0, 116, 862, 921, 944, 980, 1202, 1284, 1325, 1347, 1348, 1393, 1413, 1429, 1466, 1609, 1644, 1658, 1677, 1730, 1761, 1775, 1804, 1808, 1825, 1835, 1879, 1882, 1886, 1901, 1903, 1943, 1944, 1945, 1946, 1947, 1948, 1949, 1950, 1951, 1952, 1953, 1954, 1955, 1956, 1957, 1958, 1959, 1960, 1961, 1962, 1963, 1964, 1965, 1966, 1967, 2013, 2017, 2018, 2151, 2177, 2182, 2185, 2189, 2291, 2518, 2613, 2617, 2680, 2701, 2703, 2706, 2712, 2715, 2833]",0.000039,-0.061433,0.296436,0.023439,0.288540,0.082280,0.095511,0.107473,0.243203,0.199867
226,"[0, 116, 862, 921, 944, 980, 1202, 1284, 1325, 1347, 1348, 1393, 1413, 1429, 1466, 1609, 1644, 1658, 1677, 1730, 1761, 1775, 1804, 1808, 1825, 1835, 1879, 1882, 1886, 1901, 1903, 1943, 1944, 1945, 1946, 1947, 1948, 1949, 1950, 1951, 1952, 1953, 1954, 1955, 1956, 1957, 1958, 1959, 1960, 1961, 1962, 1963, 1964, 1965, 1966, 1967, 2013, 2017, 2018, 2151, 2177, 2182, 2185, 2189, 2291, 2518, 2613, 2617, 2680, 2701, 2703, 2706, 2712, 2715, 2833]",0.000039,-0.061433,0.296436,0.023439,0.288540,0.082280,0.095511,0.107473,0.243203,0.199867
227,"[0, 116, 862, 921, 944, 980, 1202, 1284, 1325, 1347, 1348, 1393, 1413, 1429, 1466, 1609, 1644, 1658, 1677, 1730, 1761, 1775, 1804, 1808, 1825, 1835, 1879, 1882, 1886, 1901, 1903, 1943, 1944, 1945, 1946, 1947, 1948, 1949, 1950, 1951, 1952, 1953, 1954, 1955, 1956, 1957, 1958, 1959, 1960, 1961, 1962, 1963, 1964, 1965, 1966, 1967, 2013, 2017, 2018, 2151, 2177, 2182, 2185, 2189, 2291, 2518, 2613, 2617, 2680, 2701, 2703, 2706, 2712, 2715, 2833]",0.000039,-0.061433,0.296436,0.023439,0.288540,0.082280,0.095511,0.107473,0.243203,0.199867
228,"[0, 116, 862, 921, 944, 980, 1202, 1284, 1325, 1347, 1348, 1393, 1413, 1429, 1466, 1609, 1644, 1658, 1677, 1730, 1761, 1775, 1804, 1808, 1825, 1835, 1879, 1882, 1886, 1901, 1903, 1943, 1944, 1945, 1946, 1947, 1948, 1949, 1950, 1951, 1952, 1953, 1954, 1955, 1956, 1957, 1958, 1959, 1960, 1961, 1962, 1963, 1964, 1965, 1966, 1967, 2013, 2017, 2018, 2151, 2177, 2182, 2185, 2189, 2291, 2518, 2613, 2617, 2680, 2701, 2703, 2706, 2712, 2715, 2833]",0.000039,-0.061433,0.296436,0.023439,0.288540,0.082280,0.095511,0.107473,0.243203,0.199867
229,"[0, 116, 862, 921, 944, 980, 1202, 1284, 1325, 1347, 1348, 1393, 1413, 1429, 1466, 1609, 1644, 1658, 1677, 1730, 1761, 1775, 1804, 1808, 1825, 1835, 1879, 1882, 1886, 1901, 1903, 1943, 1944, 1945, 1946, 1947, 1948, 1949, 1950, 1951, 1952, 1953, 1954, 1955, 1956, 1957, 1958, 1959, 1960, 1961, 1962, 1963, 1964, 1965, 1966, 1967, 2013, 2017, 2018, 2151, 2177, 2182, 2185, 2189, 2291, 2518, 2613, 2617, 2680, 2701, 2703, 2706, 2712, 2715, 2833]",0.000039,-0.061433,0.296436,0.023439,0.288540,0.082280,0.095511,0.107473,0.243203,0.199867
